login_frequency,feature_usage_count,support_ticket_volume,payment_amount,account_age,churned
2.0,1.0,3.0,29.85,30,0
7.0,3.0,4.0,56.95,1020,0
7.0,3.0,2.0,53.85,60,1
6.0,3.0,0.0,42.3,1350,0
2.0,1.0,6.0,70.7,60,1
14.0,5.0,5.0,99.65,240,1
10.0,4.0,3.0,89.1,660,0
6.0,1.0,2.0,29.75,300,0
13.0,6.0,1.0,104.8,840,1
7.0,3.0,3.0,56.15,1860,0
5.0,2.0,2.0,49.95,390,0
8.0,1.0,1.0,18.95,480,0
12.0,5.0,3.0,100.35,1740,0
14.0,6.0,3.0,103.7,1470,1
15.0,6.0,2.0,105.5,750,0
22.0,8.0,1.0,113.25,2070,0
6.0,1.0,1.0,20.65,1560,0
14.0,6.0,3.0,106.7,2130,0
7.0,3.0,1.0,55.2,300,1
10.0,4.0,3.0,90.05,630,0
6.0,2.0,5.0,39.65,30,1
3.0,1.0,0.0,19.8,360,0
2.0,1.0,1.0,20.15,30,1
8.0,4.0,0.0,59.9,1740,0
9.0,4.0,1.0,59.6,1470,0
8.0,3.0,3.0,55.3,900,0
14.0,5.0,4.0,99.35,1410,1
2.0,1.0,3.0,30.2,30,1
20.0,8.0,0.0,90.25,2160,0
11.0,3.0,7.0,64.7,510,1
14.0,6.0,1.0,96.35,2130,0
9.0,4.0,3.0,95.5,60,0
12.0,5.0,0.0,66.15,810,0
3.0,1.0,0.0,20.2,30,0
3.0,1.0,3.0,45.25,30,0
14.0,6.0,2.0,99.9,2160,0
2.0,1.0,3.0,69.7,150,1
4.0,2.0,4.0,74.8,1380,0
15.0,6.0,4.0,106.35,1020,1
12.0,5.0,5.0,97.85,330,1
6.0,2.0,2.0,49.55,300,0
10.0,5.0,5.0,69.2,2100,0
3.0,1.0,0.0,20.75,510,0
14.0,7.0,0.0,79.85,1890,0
13.0,6.0,0.0,76.2,390,0
6.0,3.0,5.0,84.5,1470,0
6.0,2.0,2.0,49.25,60,0
7.0,2.0,3.0,80.65,60,1
14.0,6.0,0.0,79.75,1560,0
15.0,5.0,3.0,64.15,2070,0
12.0,4.0,3.0,90.25,1290,0
12.0,5.0,5.0,99.1,450,1
11.0,5.0,2.0,69.5,750,0
8.0,3.0,4.0,80.65,240,1
13.0,6.0,0.0,74.85,1800,0
10.0,4.0,3.0,95.45,540,1
13.0,5.0,4.0,99.65,1890,0
16.0,7.0,3.0,108.45,1980,0
4.0,2.0,1.0,24.95,1020,0
15.0,6.0,1.0,107.5,2160,0
17.0,5.0,3.0,100.5,1410,0
10.0,4.0,3.0,89.9,1800,0
8.0,3.0,2.0,42.1,2160,0
8.0,3.0,4.0,54.4,540,0
10.0,4.0,3.0,94.4,270,1
12.0,5.0,3.0,75.3,90,0
7.0,3.0,3.0,78.9,1410,0
13.0,6.0,0.0,79.2,930,0
5.0,1.0,0.0,20.15,1500,0
9.0,3.0,4.0,79.85,300,0
6.0,2.0,1.0,49.05,30,0
4.0,1.0,1.0,20.4,1560,0
16.0,7.0,1.0,111.6,1920,0
4.0,2.0,0.0,24.25,1860,0
11.0,4.0,0.0,64.5,90,0
16.0,7.0,4.0,110.5,1680,0
6.0,2.0,3.0,55.65,1380,0
7.0,3.0,2.0,54.65,240,0
13.0,5.0,4.0,74.75,900,0
9.0,2.0,1.0,25.9,1350,0
4.0,2.0,3.0,79.35,30,1
6.0,3.0,2.0,50.55,330,0
5.0,2.0,4.0,75.15,210,1
14.0,6.0,1.0,103.8,1260,0
4.0,1.0,0.0,20.15,1470,0
11.0,5.0,4.0,99.3,270,0
11.0,3.0,2.0,62.15,1050,0
2.0,1.0,2.0,20.65,1440,0
3.0,1.0,2.0,19.95,1380,0
4.0,1.0,3.0,33.75,870,0
8.0,3.0,5.0,82.05,900,0
7.0,2.0,1.0,74.7,30,0
14.0,7.0,1.0,84.0,1980,0
16.0,7.0,3.0,111.05,1950,0
12.0,6.0,3.0,100.9,2160,0
7.0,3.0,5.0,78.95,360,1
14.0,5.0,1.0,66.85,2130,0
8.0,1.0,1.0,21.05,150,1
2.0,1.0,1.0,21.0,1560,0
13.0,5.0,4.0,98.5,750,1
2.0,1.0,0.0,20.2,30,0
2.0,1.0,0.0,19.45,30,0
11.0,5.0,3.0,95.0,1140,0
10.0,3.0,4.0,45.55,1980,0
17.0,7.0,2.0,110.0,2040,1
0.0,0.0,2.0,24.3,150,0
12.0,6.0,6.0,104.15,2160,0
2.0,1.0,2.0,30.15,960,0
10.0,4.0,7.0,94.35,1290,0
6.0,1.0,0.0,19.4,2160,0
12.0,5.0,3.0,96.75,1650,1
11.0,4.0,2.0,57.95,1560,0
8.0,4.0,3.0,91.65,1290,0
7.0,2.0,4.0,76.5,1110,1
13.0,4.0,0.0,54.6,1920,0
10.0,4.0,5.0,89.85,90,0
6.0,1.0,2.0,31.05,1080,0
12.0,5.0,4.0,100.25,300,1
5.0,1.0,0.0,20.65,1230,0
9.0,4.0,4.0,85.2,810,0
11.0,5.0,4.0,99.8,1680,0
3.0,1.0,0.0,20.7,180,0
9.0,2.0,3.0,74.4,90,1
6.0,2.0,2.0,50.7,210,0
5.0,1.0,2.0,20.85,120,0
8.0,4.0,3.0,88.95,990,0
7.0,3.0,4.0,78.05,810,1
7.0,2.0,0.0,23.55,2160,0
4.0,1.0,1.0,19.75,30,0
9.0,4.0,2.0,56.45,2130,0
7.0,3.0,4.0,85.95,390,0
11.0,5.0,5.0,58.6,750,1
5.0,2.0,0.0,50.55,2010,0
3.0,1.0,6.0,35.45,30,1
4.0,1.0,2.0,44.35,60,1
6.0,2.0,1.0,25.7,1290,0
4.0,2.0,3.0,75.0,690,0
3.0,1.0,0.0,20.2,1920,0
3.0,1.0,2.0,19.6,1710,0
6.0,1.0,4.0,70.45,30,1
17.0,8.0,2.0,88.05,2160,0
11.0,5.0,2.0,71.15,240,1
10.0,5.0,5.0,101.05,1830,0
8.0,4.0,3.0,84.3,1920,0
5.0,2.0,4.0,23.95,2130,0
16.0,6.0,3.0,99.05,1950,0
3.0,1.0,3.0,19.6,90,0
3.0,1.0,3.0,45.65,30,1
9.0,4.0,3.0,64.5,900,0
11.0,5.0,1.0,69.5,450,0
9.0,4.0,0.0,68.55,240,0
8.0,4.0,4.0,95.0,210,1
15.0,7.0,3.0,108.15,2100,0
15.0,7.0,1.0,86.1,1860,0
5.0,1.0,0.0,19.7,180,0
9.0,2.0,5.0,80.9,420,0
13.0,3.0,4.0,84.15,660,0
7.0,1.0,0.0,20.15,660,0
8.0,4.0,3.0,64.25,480,0
7.0,2.0,3.0,25.7,300,0
10.0,3.0,2.0,56.0,390,0
7.0,3.0,4.0,82.4,600,1
3.0,1.0,4.0,69.7,60,0
16.0,6.0,0.0,73.9,1590,0
3.0,1.0,3.0,20.6,330,0
2.0,1.0,0.0,19.9,2070,0
3.0,1.0,3.0,70.9,120,1
18.0,8.0,0.0,89.05,2160,0
6.0,3.0,4.0,45.3,1740,1
5.0,1.0,0.0,20.4,480,0
10.0,4.0,4.0,84.25,1290,0
17.0,6.0,2.0,104.4,60,1
15.0,6.0,0.0,81.95,420,0
11.0,4.0,4.0,94.85,1590,1
3.0,1.0,0.0,20.55,960,0
6.0,2.0,0.0,24.7,1020,0
8.0,2.0,3.0,74.45,450,1
6.0,2.0,5.0,76.45,210,1
13.0,6.0,3.0,105.35,450,0
4.0,1.0,1.0,20.55,1830,0
7.0,1.0,2.0,29.95,30,1
5.0,1.0,3.0,45.3,30,0
7.0,3.0,5.0,84.5,240,1
14.0,5.0,3.0,74.75,990,0
6.0,3.0,5.0,79.25,390,1
2.0,0.0,2.0,24.8,30,1
6.0,2.0,2.0,51.8,600,0
4.0,1.0,1.0,30.4,90,0
7.0,1.0,2.0,19.65,390,0
7.0,3.0,3.0,56.6,1200,0
11.0,5.0,1.0,71.9,1290,0
9.0,4.0,4.0,91.0,180,1
3.0,1.0,2.0,19.75,2070,0
16.0,7.0,3.0,109.7,2160,0
5.0,1.0,0.0,19.3,1770,0
13.0,5.0,1.0,96.55,600,0
6.0,2.0,0.0,24.1,720,0
15.0,7.0,2.0,111.35,1770,0
15.0,7.0,1.0,112.25,2160,0
6.0,1.0,1.0,20.75,30,0
12.0,5.0,2.0,101.9,810,0
7.0,3.0,1.0,80.05,420,0
13.0,6.0,6.0,105.55,2130,0
9.0,2.0,4.0,78.3,390,0
3.0,1.0,3.0,68.85,1320,0
8.0,3.0,4.0,79.95,990,0
14.0,5.0,1.0,55.45,2160,0
6.0,2.0,3.0,79.9,30,1
14.0,6.0,3.0,106.6,570,1
13.0,6.0,3.0,102.45,1920,0
3.0,1.0,5.0,46.0,60,1
1.0,0.0,3.0,25.25,30,0
4.0,1.0,0.0,19.75,1830,0
4.0,1.0,1.0,20.0,870,0
6.0,3.0,3.0,86.8,690,0
13.0,5.0,5.0,58.75,1710,0
11.0,4.0,1.0,45.25,2160,0
11.0,5.0,0.0,56.6,1980,0
17.0,7.0,3.0,84.2,1950,0
8.0,2.0,3.0,80.0,240,0
6.0,1.0,4.0,70.15,120,1
6.0,2.0,1.0,24.75,2130,0
3.0,1.0,1.0,20.2,30,0
4.0,2.0,0.0,50.05,120,1
5.0,1.0,0.0,19.35,360,0
8.0,3.0,4.0,50.6,720,0
12.0,6.0,0.0,81.15,930,0
9.0,2.0,3.0,55.2,30,1
12.0,4.0,3.0,89.9,900,0
15.0,7.0,0.0,85.3,1410,0
18.0,7.0,3.0,108.0,1620,0
13.0,5.0,5.0,93.5,1500,0
10.0,3.0,3.0,84.6,30,1
5.0,1.0,2.0,20.25,2160,0
5.0,2.0,1.0,25.15,870,0
9.0,3.0,3.0,54.4,60,1
4.0,1.0,1.0,29.6,300,0
6.0,2.0,3.0,73.15,540,0
10.0,4.0,3.0,95.0,330,1
3.0,1.0,2.0,19.75,480,0
19.0,7.0,1.0,86.6,2160,0
18.0,7.0,1.0,109.2,2160,0
11.0,5.0,1.0,74.7,1230,0
13.0,5.0,4.0,94.4,1950,0
9.0,3.0,3.0,54.8,390,0
8.0,2.0,6.0,75.35,120,0
9.0,4.0,4.0,65.0,1230,0
5.0,2.0,5.0,74.4,450,1
6.0,2.0,3.0,48.55,30,1
13.0,6.0,4.0,99.0,1260,0
11.0,5.0,3.0,93.5,1530,0
2.0,1.0,6.0,70.4,60,1
6.0,2.0,2.0,40.2,30,1
16.0,7.0,0.0,83.7,960,0
3.0,1.0,1.0,19.85,300,0
11.0,5.0,1.0,59.55,2010,0
19.0,8.0,4.0,115.1,1830,0
18.0,8.0,1.0,114.35,1500,0
3.0,1.0,4.0,44.6,60,1
7.0,3.0,6.0,45.0,870,0
5.0,2.0,4.0,41.15,90,1
14.0,6.0,3.0,106.9,390,1
12.0,4.0,3.0,89.85,1710,0
9.0,4.0,1.0,49.85,930,0
16.0,8.0,2.0,113.3,1350,0
17.0,8.0,1.0,88.1,1830,0
6.0,2.0,3.0,24.9,1500,0
12.0,6.0,2.0,105.0,570,0
5.0,1.0,0.0,19.35,1770,1
5.0,2.0,5.0,24.25,2130,0
9.0,4.0,3.0,94.45,480,1
15.0,4.0,1.0,59.75,1710,0
1.0,0.0,4.0,24.8,30,1
13.0,6.0,3.0,107.05,600,0
2.0,1.0,3.0,70.6,30,1
13.0,4.0,2.0,85.4,150,1
13.0,6.0,5.0,105.05,1560,1
10.0,4.0,3.0,64.95,630,0
8.0,4.0,1.0,55.0,420,0
6.0,2.0,2.0,50.55,150,0
8.0,3.0,2.0,55.15,180,0
8.0,2.0,4.0,51.2,300,0
6.0,2.0,0.0,25.4,30,0
8.0,3.0,2.0,54.45,2040,0
10.0,4.0,3.0,95.15,540,1
4.0,2.0,3.0,76.0,660,0
7.0,1.0,3.0,44.35,600,0
3.0,1.0,5.0,70.0,30,1
10.0,2.0,5.0,74.5,240,1
5.0,1.0,5.0,44.85,300,1
7.0,2.0,5.0,76.1,720,1
10.0,4.0,4.0,61.2,1050,0
9.0,4.0,1.0,86.8,690,0
11.0,3.0,4.0,89.35,180,0
2.0,1.0,0.0,19.7,360,0
4.0,1.0,0.0,20.25,30,0
7.0,2.0,3.0,76.05,2130,0
11.0,5.0,3.0,100.8,1050,0
12.0,5.0,2.0,74.55,1200,0
5.0,2.0,4.0,73.6,30,1
8.0,3.0,2.0,64.9,690,0
9.0,4.0,5.0,95.45,120,1
9.0,4.0,1.0,90.4,120,0
14.0,5.0,0.0,60.3,2040,0
9.0,3.0,3.0,81.85,1140,0
7.0,2.0,0.0,24.8,1560,0
5.0,2.0,3.0,74.9,960,1
11.0,5.0,0.0,75.55,870,0
13.0,5.0,3.0,101.15,1140,0
17.0,6.0,2.0,78.75,1440,0
3.0,1.0,1.0,19.25,30,0
13.0,4.0,1.0,89.05,660,0
17.0,8.0,2.0,115.05,1290,0
4.0,1.0,3.0,69.35,150,0
6.0,2.0,5.0,80.6,150,1
15.0,7.0,3.0,110.05,1530,0
4.0,1.0,0.0,19.9,2130,0
14.0,6.0,2.0,80.3,1140,1
10.0,4.0,3.0,93.15,720,1
10.0,4.0,2.0,91.5,1050,0
17.0,7.0,1.0,82.45,1620,1
10.0,5.0,1.0,60.0,2160,0
6.0,1.0,2.0,44.8,30,0
5.0,2.0,2.0,48.6,270,0
10.0,5.0,2.0,60.05,2070,0
13.0,6.0,2.0,102.7,1560,0
6.0,3.0,2.0,82.9,330,0
3.0,1.0,3.0,70.35,60,1
3.0,1.0,2.0,35.9,840,0
8.0,3.0,4.0,82.65,510,0
4.0,1.0,0.0,19.85,1050,0
2.0,1.0,0.0,19.2,240,0
12.0,5.0,3.0,94.9,1380,0
6.0,2.0,3.0,73.85,210,1
9.0,3.0,5.0,80.6,60,1
17.0,6.0,2.0,75.8,2040,1
14.0,6.0,4.0,104.6,1290,1
17.0,8.0,1.0,88.15,2040,0
10.0,4.0,3.0,94.8,1080,0
12.0,6.0,3.0,103.4,1890,1
11.0,3.0,0.0,54.65,960,0
17.0,8.0,2.0,85.75,2130,0
11.0,5.0,4.0,67.45,1980,0
3.0,1.0,0.0,20.5,1890,0
4.0,1.0,0.0,20.25,1230,0
5.0,2.0,3.0,72.1,30,0
9.0,3.0,3.0,90.4,60,1
6.0,1.0,0.0,19.45,2100,0
6.0,2.0,2.0,44.95,690,0
12.0,5.0,3.0,97.0,1920,0
12.0,5.0,1.0,62.8,1110,0
4.0,1.0,3.0,44.6,510,0
7.0,3.0,4.0,89.15,210,0
10.0,4.0,5.0,84.8,120,1
6.0,2.0,3.0,41.9,630,1
6.0,2.0,3.0,80.25,300,1
11.0,3.0,4.0,54.1,480,0
14.0,6.0,2.0,105.25,1920,0
5.0,1.0,3.0,30.75,810,1
10.0,5.0,3.0,97.1,1260,0
4.0,1.0,1.0,20.2,150,0
12.0,5.0,1.0,98.8,1230,0
5.0,2.0,2.0,50.3,1740,0
4.0,1.0,1.0,20.55,1410,0
5.0,2.0,2.0,75.9,540,0
10.0,4.0,4.0,96.5,150,1
10.0,3.0,2.0,59.95,690,0
5.0,1.0,0.0,19.15,30,0
11.0,5.0,3.0,98.65,2130,0
19.0,8.0,1.0,112.6,2160,0
5.0,1.0,1.0,20.6,990,0
10.0,3.0,4.0,85.65,60,1
7.0,2.0,2.0,35.75,720,0
13.0,6.0,2.0,99.75,1680,0
10.0,4.0,3.0,96.1,1110,0
16.0,7.0,3.0,85.1,1290,0
2.0,0.0,4.0,25.35,30,0
15.0,6.0,1.0,104.95,750,1
18.0,8.0,2.0,89.65,1830,0
8.0,4.0,1.0,86.75,510,0
9.0,4.0,2.0,86.2,1230,0
5.0,2.0,2.0,50.65,30,1
13.0,6.0,0.0,64.8,2160,0
9.0,4.0,5.0,90.85,30,1
15.0,6.0,3.0,108.1,1440,0
2.0,1.0,1.0,19.95,330,1
10.0,4.0,4.0,85.45,1650,1
11.0,5.0,1.0,54.75,1260,0
10.0,4.0,3.0,90.4,1320,0
3.0,1.0,4.0,44.0,30,0
9.0,4.0,4.0,95.6,810,0
15.0,7.0,2.0,84.8,810,0
4.0,1.0,2.0,44.3,60,0
4.0,1.0,2.0,19.9,570,0
10.0,4.0,3.0,95.05,1260,0
18.0,8.0,2.0,90.05,1980,0
15.0,7.0,3.0,109.9,990,0
5.0,2.0,3.0,73.95,1020,1
10.0,4.0,0.0,54.6,990,0
4.0,1.0,1.0,20.05,690,0
5.0,1.0,3.0,19.75,960,0
4.0,1.0,1.0,20.05,330,0
11.0,5.0,4.0,99.45,2070,1
8.0,3.0,1.0,55.9,2040,0
4.0,1.0,0.0,19.7,600,0
4.0,1.0,0.0,19.8,2160,0
12.0,5.0,5.0,95.4,1800,0
10.0,4.0,5.0,93.95,960,0
3.0,1.0,0.0,19.9,30,1
2.0,1.0,0.0,19.6,30,1
7.0,3.0,5.0,81.35,90,1
9.0,2.0,2.0,24.45,1380,0
8.0,2.0,4.0,74.95,870,0
13.0,5.0,2.0,87.35,1530,0
4.0,1.0,6.0,70.65,1440,0
6.0,2.0,5.0,73.25,480,0
14.0,6.0,2.0,98.7,2100,0
6.0,2.0,1.0,24.8,1200,0
6.0,3.0,6.0,83.3,660,1
5.0,2.0,5.0,75.3,30,1
5.0,2.0,3.0,24.3,150,0
2.0,1.0,4.0,69.85,210,0
16.0,6.0,1.0,100.55,870,0
6.0,2.0,1.0,25.7,1320,0
6.0,3.0,2.0,40.7,300,0
6.0,2.0,3.0,51.65,1650,0
12.0,6.0,4.0,105.1,1560,0
9.0,3.0,3.0,85.95,300,0
6.0,2.0,4.0,75.6,540,0
9.0,4.0,0.0,58.25,2040,0
3.0,1.0,1.0,19.4,1830,1
15.0,6.0,0.0,65.2,2160,0
9.0,3.0,3.0,53.45,60,0
5.0,1.0,3.0,45.4,360,1
2.0,1.0,1.0,19.75,1230,0
6.0,3.0,0.0,44.45,780,0
5.0,1.0,1.0,20.85,1080,0
19.0,8.0,2.0,114.05,2160,0
9.0,4.0,2.0,89.85,1050,0
10.0,3.0,2.0,55.05,30,0
14.0,7.0,1.0,112.95,480,0
11.0,5.0,4.0,101.55,1470,0
19.0,8.0,2.0,114.65,1620,0
10.0,4.0,2.0,64.8,540,0
6.0,2.0,3.0,80.4,1080,0
13.0,6.0,4.0,105.9,1800,1
6.0,1.0,3.0,69.55,30,1
6.0,2.0,1.0,25.05,1560,0
10.0,4.0,4.0,94.75,240,0
13.0,6.0,2.0,105.5,2160,0
8.0,2.0,0.0,24.7,1920,0
15.0,5.0,0.0,69.75,660,0
12.0,5.0,2.0,60.2,1800,0
6.0,2.0,3.0,81.05,840,1
4.0,2.0,1.0,24.4,1830,0
15.0,6.0,3.0,104.15,720,0
12.0,5.0,1.0,92.9,840,0
17.0,6.0,2.0,80.8,900,0
8.0,1.0,0.0,20.0,60,0
7.0,2.0,3.0,75.1,30,0
5.0,1.0,1.0,19.65,180,0
11.0,4.0,2.0,69.45,720,0
12.0,5.0,4.0,101.15,120,1
13.0,5.0,4.0,99.8,210,1
18.0,8.0,1.0,116.05,2160,0
4.0,2.0,0.0,40.05,2100,0
14.0,6.0,4.0,102.1,1920,0
10.0,4.0,4.0,89.7,2160,0
4.0,1.0,0.0,19.9,1320,0
6.0,2.0,3.0,55.95,390,1
3.0,1.0,0.0,20.65,510,0
6.0,2.0,2.0,55.0,30,1
13.0,4.0,2.0,70.05,270,0
7.0,3.0,0.0,53.6,720,0
4.0,2.0,4.0,74.7,30,1
8.0,3.0,5.0,80.25,720,1
10.0,5.0,0.0,76.05,1050,0
15.0,6.0,1.0,75.7,210,0
10.0,4.0,1.0,96.1,150,1
5.0,1.0,4.0,69.0,450,1
6.0,1.0,1.0,19.65,330,0
7.0,3.0,2.0,45.3,1440,1
5.0,2.0,5.0,81.45,600,0
15.0,7.0,4.0,108.5,2160,0
8.0,3.0,4.0,83.55,240,1
7.0,3.0,3.0,84.5,2160,0
13.0,5.0,4.0,100.15,450,0
18.0,7.0,0.0,88.6,2160,0
10.0,4.0,0.0,52.55,0,0
7.0,2.0,6.0,74.35,30,1
13.0,6.0,3.0,104.8,1890,0
7.0,3.0,2.0,59.0,60,0
8.0,2.0,4.0,74.4,60,1
11.0,4.0,3.0,64.05,1830,0
3.0,1.0,1.0,20.4,30,0
9.0,3.0,3.0,43.75,660,1
10.0,4.0,0.0,60.9,840,0
4.0,1.0,0.0,19.8,2100,0
6.0,1.0,5.0,28.45,150,1
14.0,6.0,4.0,99.7,360,1
18.0,8.0,3.0,116.25,1020,0
10.0,3.0,4.0,80.7,2130,0
12.0,4.0,2.0,65.2,2100,0
10.0,4.0,2.0,84.05,1560,0
15.0,7.0,1.0,79.45,2070,0
11.0,5.0,4.0,94.1,600,1
8.0,3.0,3.0,78.0,330,0
10.0,4.0,2.0,94.2,60,1
8.0,3.0,2.0,80.5,180,1
4.0,1.0,3.0,19.85,30,0
12.0,5.0,1.0,94.3,600,0
14.0,6.0,3.0,106.45,1830,0
6.0,2.0,4.0,74.35,150,1
14.0,6.0,2.0,105.45,1680,0
18.0,6.0,1.0,95.0,900,0
14.0,6.0,2.0,104.8,1200,1
7.0,3.0,0.0,54.3,840,0
5.0,1.0,4.0,70.05,150,0
5.0,2.0,4.0,75.2,810,1
7.0,1.0,0.0,20.05,360,0
14.0,6.0,6.0,105.4,2010,0
5.0,2.0,3.0,51.6,870,0
8.0,3.0,3.0,85.5,1650,0
5.0,2.0,4.0,75.6,690,1
10.0,5.0,5.0,100.05,1020,1
13.0,4.0,5.0,91.25,1560,0
19.0,8.0,3.0,115.75,2160,0
11.0,5.0,2.0,94.7,1740,0
6.0,1.0,1.0,19.6,1050,0
12.0,6.0,3.0,99.9,1680,0
4.0,1.0,2.0,21.1,720,0
2.0,1.0,2.0,20.05,2100,0
8.0,2.0,4.0,79.95,60,0
16.0,6.0,5.0,107.15,2040,0
8.0,3.0,4.0,85.0,30,1
10.0,4.0,4.0,89.55,360,0
9.0,3.0,4.0,81.55,1890,0
9.0,4.0,2.0,58.45,990,0
12.0,4.0,3.0,95.65,2070,0
12.0,6.0,1.0,80.6,1800,0
18.0,8.0,2.0,113.1,2160,0
6.0,3.0,2.0,58.95,330,0
2.0,1.0,2.0,19.55,30,0
12.0,3.0,5.0,86.05,300,1
8.0,3.0,0.0,45.55,390,1
5.0,2.0,3.0,78.95,1020,0
8.0,3.0,4.0,86.3,1170,1
16.0,6.0,4.0,105.05,1950,0
13.0,6.0,4.0,101.9,1500,0
7.0,1.0,1.0,19.75,450,0
15.0,7.0,4.0,110.3,2160,0
16.0,8.0,4.0,115.6,2160,0
3.0,1.0,1.0,19.35,1650,0
5.0,2.0,0.0,25.6,690,0
6.0,3.0,3.0,80.35,960,1
14.0,5.0,2.0,68.75,1680,0
3.0,1.0,0.0,19.9,30,0
12.0,5.0,0.0,70.6,1140,0
6.0,1.0,3.0,70.2,330,0
6.0,2.0,0.0,49.3,30,0
16.0,6.0,1.0,107.25,1680,0
6.0,2.0,2.0,23.6,90,0
12.0,4.0,3.0,69.7,210,0
14.0,5.0,5.0,99.5,1770,0
11.0,4.0,1.0,64.3,210,0
13.0,5.0,2.0,70.85,2130,0
11.0,5.0,1.0,101.9,450,0
13.0,6.0,1.0,73.5,2130,0
13.0,5.0,6.0,100.25,1050,1
8.0,3.0,0.0,40.4,330,0
5.0,1.0,0.0,19.25,1800,0
9.0,4.0,0.0,59.6,1410,0
10.0,4.0,0.0,64.9,330,0
12.0,5.0,4.0,100.3,1680,1
16.0,7.0,1.0,110.85,840,0
13.0,6.0,4.0,81.05,1830,0
12.0,5.0,4.0,98.05,930,0
4.0,1.0,4.0,70.5,270,0
11.0,5.0,4.0,94.55,1050,0
4.0,1.0,0.0,19.65,60,0
6.0,1.0,1.0,19.0,360,1
7.0,2.0,4.0,75.3,30,1
8.0,4.0,4.0,89.2,120,1
6.0,1.0,0.0,19.0,30,0
4.0,1.0,5.0,20.0,90,0
8.0,3.0,3.0,85.7,30,1
10.0,4.0,3.0,63.25,1560,0
5.0,1.0,0.0,20.1,150,0
12.0,6.0,4.0,99.15,2160,0
17.0,8.0,0.0,90.4,2130,0
15.0,7.0,1.0,111.9,2160,0
5.0,2.0,1.0,24.9,1380,0
16.0,7.0,4.0,83.5,1890,0
9.0,4.0,5.0,84.3,900,0
3.0,1.0,4.0,45.6,30,0
11.0,5.0,4.0,61.65,360,1
13.0,5.0,3.0,54.85,480,0
8.0,4.0,2.0,65.55,120,0
9.0,4.0,5.0,90.35,1530,0
3.0,1.0,1.0,20.4,1950,0
7.0,2.0,1.0,74.55,480,0
6.0,1.0,1.0,19.95,60,0
5.0,2.0,5.0,74.25,1980,0
16.0,7.0,1.0,108.65,1380,0
18.0,7.0,1.0,109.55,960,0
16.0,7.0,3.0,86.65,2160,0
12.0,6.0,1.0,81.0,1140,0
4.0,2.0,1.0,47.85,1530,0
18.0,8.0,4.0,114.55,2160,0
16.0,6.0,5.0,105.25,1950,1
2.0,1.0,4.0,29.95,270,1
10.0,5.0,0.0,65.0,270,1
2.0,1.0,1.0,20.55,1980,0
16.0,7.0,4.0,109.8,1320,0
11.0,5.0,1.0,69.5,1500,0
7.0,2.0,6.0,48.85,450,0
1.0,0.0,3.0,25.25,240,0
15.0,6.0,1.0,102.85,1980,0
12.0,5.0,1.0,87.55,1710,0
7.0,3.0,5.0,78.55,210,0
4.0,1.0,3.0,34.55,300,0
12.0,5.0,5.0,92.05,1860,0
7.0,3.0,3.0,85.05,1200,0
5.0,1.0,2.0,19.7,600,0
3.0,1.0,0.0,20.0,210,1
9.0,4.0,3.0,95.15,750,0
9.0,4.0,4.0,84.25,690,0
12.0,6.0,5.0,104.6,1980,0
16.0,7.0,2.0,111.65,2160,0
10.0,4.0,3.0,90.05,1470,1
15.0,7.0,3.0,110.75,1290,1
8.0,3.0,2.0,55.0,1380,0
16.0,8.0,0.0,89.85,2160,0
5.0,1.0,0.0,20.35,300,0
10.0,4.0,1.0,54.55,1200,0
13.0,6.0,6.0,105.5,1950,1
13.0,5.0,5.0,99.45,930,0
13.0,6.0,1.0,70.9,2040,0
14.0,6.0,3.0,104.55,1680,1
8.0,3.0,6.0,85.25,300,1
4.0,2.0,0.0,25.4,2040,0
10.0,2.0,2.0,56.15,1290,1
8.0,3.0,4.0,89.55,30,1
8.0,4.0,3.0,89.85,1470,0
7.0,2.0,1.0,25.25,450,0
9.0,4.0,4.0,94.55,600,1
3.0,1.0,3.0,45.7,30,1
12.0,5.0,1.0,69.65,1500,0
10.0,4.0,3.0,89.5,60,1
3.0,1.0,4.0,70.0,720,0
5.0,1.0,4.0,69.55,90,1
4.0,2.0,6.0,74.6,30,1
6.0,1.0,1.0,20.1,1050,0
4.0,2.0,0.0,24.8,510,0
6.0,1.0,1.0,19.65,240,1
8.0,4.0,2.0,95.1,300,0
16.0,8.0,2.0,88.85,2040,0
13.0,6.0,2.0,78.8,1350,0
4.0,1.0,1.0,19.85,60,1
4.0,1.0,0.0,20.35,1110,0
3.0,0.0,2.0,24.25,120,1
5.0,1.0,2.0,45.25,300,0
5.0,1.0,1.0,20.05,30,0
10.0,5.0,4.0,69.55,1950,0
3.0,1.0,0.0,19.5,1710,0
5.0,2.0,3.0,74.75,90,0
3.0,1.0,3.0,69.65,60,1
3.0,1.0,4.0,30.2,1470,0
3.0,1.0,3.0,45.65,120,1
13.0,5.0,2.0,57.8,2100,0
4.0,1.0,2.0,19.85,1590,0
9.0,2.0,1.0,25.55,1590,0
5.0,2.0,6.0,75.05,30,1
6.0,2.0,1.0,24.85,660,0
7.0,3.0,3.0,49.15,1560,1
14.0,7.0,1.0,110.35,1950,0
6.0,2.0,0.0,24.55,1440,0
3.0,1.0,2.0,34.7,60,1
13.0,6.0,4.0,107.95,90,0
8.0,3.0,4.0,81.4,1350,0
6.0,2.0,3.0,80.0,30,1
12.0,5.0,2.0,73.8,1830,0
12.0,4.0,2.0,64.4,90,0
13.0,6.0,4.0,103.75,1200,0
3.0,1.0,4.0,71.1,30,0
7.0,2.0,0.0,49.9,30,0
7.0,2.0,0.0,24.6,1530,0
6.0,2.0,4.0,49.25,60,1
4.0,1.0,3.0,30.1,1560,0
7.0,3.0,3.0,83.4,1530,0
6.0,1.0,1.0,20.45,30,0
14.0,6.0,0.0,75.25,930,0
7.0,1.0,2.0,20.55,1410,0
7.0,2.0,4.0,75.1,90,1
5.0,1.0,2.0,20.05,660,0
3.0,1.0,0.0,20.65,30,0
18.0,7.0,2.0,85.15,2160,0
4.0,2.0,4.0,50.15,90,1
7.0,3.0,3.0,84.95,1410,0
12.0,5.0,2.0,66.5,2160,0
8.0,4.0,2.0,63.3,1980,0
8.0,3.0,4.0,83.15,1050,0
7.0,3.0,5.0,84.9,870,0
4.0,1.0,2.0,20.55,60,0
10.0,2.0,2.0,49.25,120,0
9.0,3.0,4.0,79.85,750,1
11.0,4.0,2.0,59.6,1950,0
14.0,6.0,2.0,104.65,810,0
7.0,2.0,4.0,75.3,870,0
14.0,6.0,4.0,80.1,870,0
3.0,1.0,0.0,19.55,30,1
10.0,3.0,1.0,81.0,600,0
8.0,2.0,1.0,24.7,1740,0
13.0,4.0,2.0,86.0,420,0
4.0,2.0,0.0,25.4,2160,0
9.0,4.0,5.0,89.15,1380,0
10.0,5.0,0.0,58.25,2130,0
7.0,3.0,3.0,85.65,960,0
7.0,3.0,4.0,50.35,780,0
7.0,3.0,6.0,80.35,2040,0
2.0,1.0,0.0,20.2,60,0
5.0,1.0,0.0,20.55,1830,0
8.0,3.0,3.0,85.95,120,1
2.0,1.0,2.0,45.35,90,1
9.0,4.0,5.0,94.5,990,1
4.0,1.0,0.0,21.25,270,0
11.0,2.0,2.0,26.25,660,0
9.0,2.0,4.0,80.85,150,0
13.0,5.0,3.0,91.7,900,1
12.0,6.0,2.0,74.2,1950,0
9.0,4.0,4.0,87.25,1350,1
4.0,1.0,1.0,20.35,150,0
5.0,2.0,4.0,75.5,750,0
7.0,3.0,3.0,79.05,2160,0
9.0,4.0,3.0,90.15,810,0
11.0,3.0,3.0,50.6,960,0
16.0,7.0,3.0,110.45,900,0
13.0,6.0,2.0,101.0,2100,0
9.0,3.0,4.0,79.35,1260,0
21.0,8.0,4.0,89.85,2160,0
11.0,5.0,2.0,65.0,1410,0
9.0,3.0,3.0,80.45,60,0
11.0,5.0,6.0,98.55,300,1
7.0,2.0,1.0,24.1,1830,0
7.0,1.0,3.0,44.05,150,0
16.0,7.0,3.0,110.8,2160,0
17.0,8.0,3.0,114.95,2160,0
4.0,2.0,5.0,75.05,90,0
3.0,1.0,1.0,19.25,1440,0
11.0,4.0,1.0,90.05,1890,0
10.0,3.0,5.0,56.7,810,0
13.0,6.0,3.0,80.15,2100,0
15.0,5.0,0.0,71.35,210,0
4.0,1.0,1.0,20.25,0,0
11.0,4.0,3.0,90.35,60,0
11.0,5.0,3.0,98.55,600,1
5.0,1.0,1.0,19.7,1980,0
3.0,1.0,1.0,19.85,90,0
11.0,3.0,3.0,85.9,450,1
14.0,5.0,2.0,90.35,2160,0
4.0,1.0,0.0,20.8,30,0
9.0,3.0,5.0,89.25,660,1
3.0,1.0,4.0,70.3,90,1
12.0,5.0,2.0,66.85,2160,0
3.0,1.0,0.0,19.9,1950,0
7.0,1.0,2.0,35.8,330,0
7.0,3.0,4.0,78.85,660,0
4.0,1.0,1.0,20.4,420,0
4.0,2.0,4.0,74.25,1230,0
9.0,4.0,3.0,64.8,510,0
2.0,1.0,0.0,20.45,330,0
11.0,4.0,3.0,93.35,450,1
2.0,1.0,2.0,19.9,30,1
12.0,4.0,4.0,88.9,150,1
9.0,4.0,4.0,95.8,990,1
16.0,7.0,3.0,110.65,2160,0
6.0,2.0,3.0,40.3,90,0
8.0,3.0,3.0,82.0,60,1
15.0,7.0,1.0,107.0,1770,0
4.0,1.0,4.0,45.35,60,1
10.0,5.0,2.0,73.35,2130,0
7.0,1.0,3.0,44.8,150,0
10.0,3.0,2.0,54.75,810,0
8.0,2.0,1.0,52.2,30,1
7.0,3.0,2.0,40.6,1890,0
15.0,7.0,4.0,110.0,1380,1
9.0,3.0,5.0,55.3,2160,0
9.0,4.0,0.0,60.85,1020,0
15.0,6.0,4.0,78.4,720,0
12.0,6.0,2.0,69.65,2160,0
11.0,5.0,0.0,59.85,1800,0
15.0,6.0,3.0,76.9,2040,0
4.0,1.0,2.0,19.85,240,0
13.0,5.0,0.0,67.65,1020,0
6.0,2.0,3.0,45.0,180,0
9.0,4.0,1.0,64.2,60,0
8.0,3.0,2.0,81.7,930,0
5.0,2.0,1.0,25.55,600,0
3.0,1.0,1.0,20.0,30,0
13.0,5.0,5.0,96.75,1860,1
10.0,2.0,3.0,75.65,2100,0
11.0,5.0,1.0,98.5,300,1
6.0,2.0,2.0,23.8,1170,0
13.0,4.0,0.0,64.2,1380,0
8.0,3.0,4.0,85.35,180,1
10.0,5.0,4.0,76.8,2160,0
10.0,3.0,1.0,55.2,540,0
15.0,7.0,2.0,108.55,2130,0
11.0,5.0,5.0,101.3,1200,1
2.0,1.0,3.0,69.55,30,1
13.0,6.0,5.0,103.25,1740,1
15.0,6.0,1.0,104.0,2100,1
7.0,2.0,0.0,25.25,1260,0
4.0,1.0,3.0,30.4,1020,0
2.0,1.0,0.0,20.05,150,0
8.0,3.0,3.0,84.6,750,0
7.0,3.0,3.0,86.2,60,1
15.0,6.0,1.0,103.7,1650,0
14.0,7.0,2.0,111.2,630,1
11.0,5.0,2.0,88.0,2100,0
15.0,6.0,3.0,106.35,1830,0
16.0,6.0,1.0,79.15,1290,0
12.0,6.0,3.0,103.1,1410,0
10.0,4.0,3.0,63.95,150,0
5.0,2.0,1.0,25.8,1860,0
9.0,4.0,3.0,89.45,480,1
10.0,4.0,5.0,95.6,210,1
5.0,2.0,1.0,25.55,420,0
12.0,4.0,4.0,90.95,1800,1
9.0,3.0,1.0,44.85,1020,0
17.0,7.0,1.0,108.55,1500,1
7.0,2.0,3.0,25.05,1140,0
16.0,6.0,1.0,74.1,2100,0
9.0,4.0,7.0,88.8,1110,0
7.0,2.0,4.0,78.85,120,1
13.0,5.0,4.0,93.25,1800,0
13.0,5.0,3.0,71.4,1860,0
6.0,1.0,2.0,44.4,30,1
13.0,6.0,0.0,79.2,1080,0
3.0,1.0,0.0,20.4,1320,0
10.0,5.0,3.0,100.0,1650,1
18.0,6.0,5.0,105.0,2160,0
2.0,1.0,1.0,19.8,360,1
3.0,1.0,3.0,30.85,390,0
9.0,3.0,7.0,89.9,30,1
3.0,1.0,1.0,20.55,450,0
16.0,7.0,1.0,84.85,1950,0
5.0,2.0,4.0,33.15,360,0
17.0,8.0,0.0,92.0,2160,0
18.0,8.0,1.0,89.8,2160,0
18.0,8.0,2.0,115.8,2160,0
16.0,7.0,3.0,85.15,1560,0
6.0,2.0,3.0,24.85,60,0
10.0,4.0,1.0,64.35,150,0
4.0,1.0,1.0,20.5,2040,0
14.0,5.0,3.0,100.15,1860,1
15.0,7.0,0.0,86.05,2160,0
5.0,2.0,2.0,50.8,30,1
12.0,5.0,1.0,89.0,1980,0
14.0,6.0,0.0,64.8,2160,0
5.0,1.0,3.0,19.8,780,0
12.0,5.0,3.0,93.4,1920,0
5.0,2.0,4.0,73.65,600,1
11.0,4.0,3.0,95.1,90,1
13.0,4.0,4.0,94.65,660,1
8.0,3.0,3.0,80.6,120,1
7.0,2.0,0.0,39.0,1860,0
3.0,1.0,1.0,20.5,150,0
10.0,3.0,3.0,85.55,1770,1
7.0,2.0,1.0,26.4,90,0
14.0,6.0,3.0,98.2,2160,0
13.0,5.0,3.0,97.55,1710,0
4.0,1.0,0.0,19.95,1980,0
7.0,3.0,2.0,50.8,1800,1
11.0,5.0,3.0,99.7,1350,0
5.0,1.0,3.0,34.8,90,0
16.0,6.0,4.0,105.1,450,1
15.0,5.0,0.0,60.15,1530,0
13.0,5.0,1.0,64.75,1800,0
8.0,3.0,3.0,54.65,990,0
14.0,7.0,3.0,110.1,300,1
5.0,1.0,0.0,19.3,780,0
9.0,3.0,4.0,83.9,180,1
17.0,7.0,3.0,111.25,2010,0
5.0,2.0,1.0,35.8,1470,0
4.0,1.0,0.0,20.05,30,0
9.0,3.0,3.0,84.35,210,0
15.0,7.0,4.0,110.5,810,0
10.0,3.0,4.0,91.2,1110,0
14.0,6.0,3.0,100.55,1890,1
12.0,5.0,1.0,89.3,930,0
14.0,6.0,6.0,103.85,1500,1
7.0,3.0,3.0,81.1,960,0
2.0,0.0,3.0,24.6,30,1
7.0,3.0,2.0,81.2,1890,0
15.0,5.0,4.0,94.3,900,0
19.0,8.0,1.0,116.1,2130,0
13.0,6.0,4.0,105.55,1590,0
12.0,5.0,2.0,98.9,360,1
13.0,5.0,4.0,94.4,1500,0
5.0,1.0,3.0,19.5,60,0
15.0,5.0,4.0,98.3,270,1
9.0,4.0,3.0,93.85,510,1
12.0,6.0,4.0,105.6,1680,0
12.0,6.0,4.0,81.35,2010,0
14.0,5.0,6.0,100.5,270,1
4.0,2.0,2.0,56.4,120,0
9.0,4.0,1.0,65.35,570,0
3.0,1.0,2.0,19.95,240,0
16.0,7.0,1.0,111.25,2130,0
5.0,2.0,3.0,72.85,300,1
11.0,4.0,4.0,89.0,450,0
16.0,6.0,3.0,106.1,2160,0
4.0,1.0,0.0,20.05,360,0
7.0,2.0,2.0,25.2,2160,0
6.0,2.0,3.0,73.55,30,1
6.0,2.0,3.0,75.4,690,0
14.0,6.0,2.0,65.55,2160,0
8.0,3.0,3.0,80.7,780,0
16.0,6.0,1.0,104.55,630,0
5.0,2.0,2.0,24.15,1800,0
3.0,1.0,0.0,20.45,360,0
5.0,2.0,3.0,75.4,480,0
17.0,6.0,3.0,79.7,1890,0
10.0,3.0,5.0,81.7,660,0
13.0,6.0,0.0,76.3,960,0
8.0,3.0,3.0,79.4,90,1
10.0,3.0,5.0,81.15,390,1
12.0,6.0,2.0,103.75,2040,0
9.0,3.0,5.0,86.45,900,0
7.0,2.0,5.0,75.1,480,0
9.0,3.0,4.0,80.6,990,0
6.0,1.0,0.0,19.3,2160,0
8.0,3.0,4.0,84.6,120,1
6.0,2.0,1.0,33.6,360,0
7.0,3.0,4.0,83.25,120,0
15.0,6.0,3.0,80.85,0,0
9.0,3.0,3.0,79.05,180,1
16.0,7.0,1.0,108.05,1950,0
4.0,1.0,2.0,19.9,450,0
4.0,1.0,4.0,21.05,720,0
7.0,1.0,3.0,30.15,390,0
7.0,2.0,6.0,79.85,720,0
14.0,6.0,0.0,65.5,2160,0
15.0,6.0,6.0,104.1,1620,0
8.0,2.0,3.0,74.4,90,1
5.0,1.0,0.0,20.5,120,0
9.0,4.0,5.0,91.35,960,0
10.0,5.0,5.0,99.05,1050,1
9.0,1.0,1.0,20.5,1050,0
4.0,1.0,3.0,44.95,60,1
8.0,2.0,5.0,75.6,240,0
6.0,3.0,2.0,55.1,660,0
9.0,4.0,1.0,58.95,450,0
10.0,4.0,3.0,95.1,660,0
3.0,1.0,4.0,44.7,30,1
4.0,2.0,1.0,25.45,2130,0
7.0,3.0,2.0,56.75,120,0
15.0,7.0,2.0,81.75,750,0
6.0,3.0,3.0,86.1,960,0
4.0,1.0,2.0,29.8,210,0
5.0,1.0,2.0,20.5,510,0
8.0,3.0,3.0,60.9,240,0
20.0,6.0,1.0,73.25,1680,0
3.0,1.0,3.0,45.7,30,1
11.0,5.0,1.0,100.3,240,1
7.0,1.0,0.0,19.25,210,1
4.0,1.0,0.0,20.85,90,0
13.0,6.0,2.0,77.35,2130,0
10.0,4.0,4.0,96.0,60,1
8.0,3.0,5.0,90.55,30,1
13.0,5.0,4.0,93.85,1470,0
13.0,5.0,0.0,70.1,1740,0
3.0,1.0,3.0,30.35,1320,1
11.0,5.0,1.0,75.95,1770,0
18.0,7.0,2.0,108.05,2130,1
5.0,1.0,4.0,69.9,30,1
6.0,2.0,4.0,75.25,330,0
15.0,6.0,4.0,103.75,1860,1
9.0,3.0,2.0,54.95,1050,0
3.0,1.0,2.0,19.5,600,0
5.0,1.0,0.0,19.6,1200,0
4.0,2.0,2.0,47.85,1170,0
7.0,3.0,6.0,86.6,30,1
7.0,2.0,1.0,23.75,2160,0
6.0,3.0,3.0,80.6,990,1
4.0,1.0,3.0,43.8,360,0
5.0,1.0,0.0,19.75,30,0
6.0,1.0,4.0,19.15,810,0
3.0,1.0,1.0,19.6,1020,0
9.0,3.0,4.0,80.3,1680,0
4.0,2.0,1.0,24.35,1740,0
5.0,2.0,1.0,25.25,660,0
5.0,2.0,1.0,26.1,300,0
5.0,1.0,0.0,20.0,390,0
10.0,4.0,1.0,85.3,1050,1
2.0,1.0,3.0,70.0,1020,1
10.0,4.0,3.0,94.3,120,1
4.0,1.0,1.0,20.7,2160,0
12.0,4.0,1.0,70.3,60,0
11.0,4.0,4.0,95.35,210,1
9.0,2.0,5.0,75.5,810,1
4.0,1.0,3.0,69.55,120,0
6.0,1.0,1.0,19.85,1110,0
5.0,1.0,1.0,20.0,630,0
13.0,4.0,3.0,95.85,1590,0
8.0,4.0,2.0,90.1,540,1
3.0,1.0,4.0,68.95,60,1
12.0,5.0,4.0,99.55,960,1
4.0,1.0,1.0,20.75,690,0
5.0,2.0,5.0,50.15,90,0
13.0,5.0,0.0,58.65,2130,0
14.0,4.0,1.0,95.9,270,0
9.0,2.0,2.0,49.5,30,0
6.0,3.0,2.0,57.45,540,1
6.0,2.0,3.0,53.65,360,1
14.0,7.0,0.0,80.1,2130,0
7.0,2.0,1.0,24.4,1920,0
5.0,2.0,1.0,40.05,120,0
6.0,1.0,1.0,19.5,690,0
6.0,2.0,2.0,51.05,1170,0
9.0,3.0,1.0,54.35,840,0
6.0,3.0,4.0,84.7,150,0
8.0,3.0,3.0,86.1,1350,0
4.0,1.0,4.0,70.35,1110,0
15.0,7.0,3.0,110.0,1800,0
14.0,5.0,4.0,100.6,240,1
11.0,5.0,4.0,94.9,1410,0
7.0,3.0,5.0,83.75,780,1
9.0,4.0,2.0,88.3,90,1
5.0,1.0,4.0,69.75,1500,0
12.0,5.0,2.0,71.6,810,0
8.0,4.0,3.0,92.1,240,1
10.0,2.0,0.0,23.65,1860,0
14.0,6.0,0.0,81.85,2130,0
5.0,2.0,0.0,25.1,1980,0
17.0,8.0,3.0,114.7,2040,0
10.0,3.0,2.0,49.15,390,0
8.0,2.0,5.0,80.9,1680,0
8.0,3.0,5.0,79.45,1140,1
11.0,3.0,4.0,90.45,420,1
3.0,1.0,0.0,19.3,480,0
2.0,1.0,6.0,70.2,420,0
6.0,1.0,4.0,69.75,960,1
13.0,3.0,1.0,54.25,240,0
13.0,5.0,5.0,99.3,1290,0
14.0,6.0,0.0,74.0,1560,0
5.0,2.0,1.0,50.25,90,0
4.0,1.0,0.0,19.8,870,0
3.0,1.0,0.0,19.65,30,1
7.0,3.0,0.0,43.65,360,1
5.0,1.0,4.0,35.5,480,0
15.0,6.0,3.0,80.75,1200,0
10.0,2.0,4.0,39.5,150,1
11.0,4.0,3.0,97.1,1200,1
3.0,1.0,0.0,19.55,1080,0
8.0,2.0,5.0,80.0,150,1
9.0,3.0,4.0,84.7,300,1
8.0,3.0,5.0,89.55,60,1
15.0,4.0,3.0,90.6,690,1
3.0,1.0,1.0,20.05,780,0
14.0,7.0,5.0,112.4,2160,0
5.0,2.0,1.0,50.2,1020,0
10.0,4.0,2.0,62.25,300,0
11.0,3.0,2.0,55.7,420,0
9.0,4.0,5.0,90.05,690,1
4.0,1.0,1.0,19.65,1410,0
9.0,4.0,1.0,89.25,720,0
12.0,5.0,3.0,99.05,1470,1
7.0,3.0,2.0,54.0,600,0
2.0,1.0,4.0,69.75,60,1
5.0,2.0,2.0,49.05,60,1
12.0,4.0,2.0,56.75,660,0
10.0,5.0,6.0,98.05,210,1
4.0,1.0,1.0,21.1,30,0
13.0,5.0,3.0,96.65,1770,0
5.0,2.0,0.0,24.5,1740,0
18.0,8.0,2.0,114.5,1230,1
9.0,3.0,5.0,79.2,1770,0
6.0,1.0,4.0,69.55,90,0
5.0,1.0,3.0,20.05,960,0
15.0,5.0,3.0,98.85,1380,0
5.0,2.0,2.0,25.75,0,0
6.0,2.0,3.0,80.95,60,1
4.0,1.0,2.0,19.6,1560,0
6.0,2.0,3.0,74.3,390,1
9.0,3.0,5.0,89.7,330,1
10.0,4.0,1.0,87.65,960,0
12.0,5.0,3.0,100.45,510,1
9.0,2.0,3.0,74.75,480,0
16.0,7.0,4.0,107.45,1530,0
12.0,5.0,2.0,75.35,870,0
13.0,5.0,3.0,64.95,2100,0
13.0,6.0,1.0,100.45,2130,0
13.0,5.0,3.0,68.5,1230,0
5.0,2.0,4.0,80.55,30,0
14.0,6.0,0.0,81.25,210,0
8.0,3.0,4.0,90.4,750,1
12.0,5.0,2.0,89.55,2010,0
8.0,3.0,2.0,55.7,150,0
9.0,2.0,0.0,24.8,450,0
5.0,1.0,0.0,20.0,600,0
6.0,3.0,2.0,56.15,90,1
13.0,6.0,1.0,105.2,1620,0
3.0,1.0,4.0,19.55,1260,0
4.0,2.0,4.0,79.75,270,0
12.0,5.0,5.0,97.45,1890,0
8.0,2.0,0.0,24.25,2070,0
7.0,2.0,1.0,24.6,2070,0
4.0,2.0,4.0,50.15,1200,0
7.0,3.0,3.0,39.6,1800,0
13.0,5.0,2.0,94.4,120,1
19.0,8.0,2.0,89.85,2130,0
8.0,3.0,4.0,78.95,1110,1
11.0,5.0,6.0,98.85,960,0
7.0,3.0,2.0,53.85,1170,0
4.0,2.0,1.0,24.25,1140,0
11.0,4.0,4.0,89.45,1560,0
14.0,6.0,5.0,105.25,1440,0
12.0,5.0,0.0,59.5,2100,0
5.0,1.0,3.0,70.55,600,0
15.0,7.0,1.0,82.5,1500,0
5.0,2.0,3.0,44.85,570,1
11.0,4.0,2.0,61.6,750,0
7.0,2.0,3.0,49.05,360,0
15.0,6.0,6.0,105.65,1170,1
5.0,2.0,4.0,74.65,210,1
10.0,5.0,0.0,66.25,690,0
5.0,1.0,0.0,19.4,810,0
8.0,3.0,4.0,86.05,1410,0
4.0,1.0,3.0,19.15,780,0
11.0,4.0,2.0,64.7,420,1
14.0,6.0,3.0,104.05,330,1
8.0,1.0,0.0,19.25,60,0
7.0,3.0,7.0,81.95,780,0
19.0,8.0,2.0,114.65,2160,0
5.0,1.0,0.0,20.0,1890,0
3.0,1.0,1.0,19.8,2130,0
9.0,4.0,4.0,65.15,330,0
3.0,1.0,2.0,19.65,420,0
17.0,8.0,1.0,88.95,390,0
5.0,1.0,1.0,20.2,180,0
6.0,2.0,4.0,75.2,330,0
8.0,3.0,5.0,56.8,540,0
2.0,1.0,3.0,35.55,30,1
5.0,2.0,3.0,75.5,960,0
9.0,2.0,0.0,35.6,870,0
6.0,3.0,2.0,60.25,90,0
10.0,4.0,4.0,95.15,60,1
13.0,4.0,3.0,96.65,390,1
5.0,2.0,2.0,40.35,1230,0
3.0,1.0,1.0,18.85,30,0
6.0,2.0,3.0,54.85,210,0
9.0,4.0,3.0,64.3,1560,0
4.0,2.0,0.0,24.65,1350,0
15.0,6.0,1.0,76.1,2100,0
2.0,1.0,0.0,18.7,1590,0
11.0,5.0,3.0,97.95,1860,0
12.0,5.0,3.0,94.1,1800,0
6.0,2.0,3.0,80.4,90,1
8.0,4.0,3.0,95.1,690,0
5.0,1.0,4.0,31.35,30,1
12.0,5.0,0.0,72.35,2010,0
8.0,4.0,5.0,89.75,360,1
17.0,7.0,1.0,82.7,2130,0
5.0,1.0,0.0,19.9,750,0
8.0,3.0,4.0,53.8,150,0
8.0,2.0,4.0,51.55,780,0
3.0,1.0,0.0,19.65,30,0
8.0,3.0,3.0,44.05,2100,0
19.0,8.0,3.0,114.0,2160,0
10.0,4.0,4.0,94.4,1800,1
14.0,5.0,6.0,100.4,960,0
3.0,1.0,1.0,19.85,30,1
7.0,3.0,2.0,54.25,420,0
11.0,3.0,3.0,80.0,390,0
17.0,7.0,3.0,109.9,180,1
14.0,6.0,3.0,79.2,1380,0
15.0,5.0,2.0,101.35,450,1
14.0,5.0,2.0,94.3,1290,0
8.0,2.0,0.0,49.8,1170,0
11.0,3.0,2.0,60.05,630,1
11.0,4.0,2.0,53.75,1710,0
11.0,4.0,4.0,93.45,1590,0
9.0,4.0,4.0,87.9,540,0
11.0,3.0,4.0,60.15,30,1
16.0,4.0,2.0,61.05,1740,0
10.0,5.0,4.0,104.05,2130,0
12.0,5.0,2.0,99.25,1050,0
6.0,3.0,3.0,85.7,90,0
12.0,6.0,4.0,104.85,1140,0
14.0,6.0,1.0,69.15,1050,0
8.0,4.0,3.0,90.45,210,1
12.0,5.0,0.0,74.45,1410,0
6.0,2.0,3.0,50.45,420,0
9.0,3.0,5.0,60.0,600,0
15.0,7.0,1.0,85.25,1980,0
3.0,1.0,0.0,19.45,450,0
2.0,1.0,0.0,20.75,1260,0
10.0,3.0,4.0,78.9,510,0
13.0,6.0,5.0,104.5,1110,0
5.0,2.0,2.0,49.4,360,0
10.0,4.0,4.0,94.25,1590,1
4.0,2.0,2.0,25.0,1800,0
2.0,0.0,3.0,25.55,540,0
6.0,2.0,4.0,74.9,30,1
4.0,1.0,4.0,70.15,90,0
8.0,4.0,0.0,69.4,270,0
8.0,2.0,3.0,80.25,30,1
15.0,5.0,5.0,93.15,1680,0
4.0,1.0,3.0,69.0,510,1
9.0,4.0,1.0,66.35,330,1
3.0,1.0,5.0,69.55,210,0
4.0,1.0,0.0,20.2,2070,0
7.0,3.0,5.0,86.0,570,1
6.0,2.0,3.0,80.3,90,1
5.0,1.0,1.0,20.4,1620,0
6.0,2.0,2.0,23.75,1860,0
10.0,4.0,3.0,90.55,720,1
9.0,4.0,2.0,70.45,1860,0
13.0,4.0,3.0,65.75,510,0
0.0,0.0,2.0,24.6,270,0
13.0,5.0,1.0,69.25,1920,0
4.0,2.0,3.0,75.9,60,1
4.0,1.0,3.0,45.85,30,1
9.0,3.0,1.0,49.95,480,1
6.0,2.0,4.0,24.65,2160,0
12.0,5.0,5.0,90.4,900,0
12.0,5.0,3.0,100.85,1470,0
15.0,6.0,1.0,75.35,1830,0
10.0,4.0,4.0,87.2,1410,0
8.0,4.0,4.0,64.4,600,0
5.0,2.0,3.0,78.3,1020,1
8.0,2.0,0.0,24.7,2100,0
14.0,6.0,1.0,105.85,1620,0
14.0,6.0,1.0,98.3,1830,0
5.0,2.0,3.0,76.95,90,1
3.0,1.0,0.0,19.45,390,0
10.0,4.0,5.0,96.15,480,1
7.0,3.0,3.0,58.7,90,0
3.0,1.0,1.0,20.15,750,0
11.0,4.0,3.0,64.5,900,0
5.0,1.0,5.0,28.5,630,0
3.0,1.0,3.0,45.3,30,1
5.0,1.0,1.0,19.4,450,1
9.0,3.0,4.0,90.45,690,0
14.0,6.0,3.0,105.15,1350,0
9.0,4.0,6.0,83.15,720,0
11.0,4.0,2.0,90.15,330,1
4.0,1.0,3.0,45.05,30,1
14.0,6.0,2.0,103.2,1680,0
6.0,2.0,5.0,75.8,30,1
5.0,1.0,2.0,19.45,30,0
5.0,2.0,5.0,79.3,210,1
11.0,4.0,1.0,88.8,1650,0
3.0,1.0,0.0,30.9,60,1
19.0,7.0,1.0,85.9,2160,0
4.0,1.0,3.0,34.2,1350,0
3.0,1.0,3.0,20.15,1410,0
10.0,4.0,5.0,95.25,1380,1
6.0,2.0,3.0,50.3,60,0
7.0,3.0,1.0,80.15,60,0
4.0,2.0,4.0,51.25,360,0
10.0,4.0,4.0,89.6,2040,1
11.0,4.0,3.0,95.2,2070,0
9.0,4.0,5.0,94.8,1680,0
8.0,3.0,4.0,80.25,120,0
16.0,6.0,2.0,76.1,1920,0
16.0,7.0,3.0,110.15,1770,1
18.0,8.0,1.0,115.55,1860,0
6.0,2.0,1.0,24.65,1890,0
12.0,5.0,0.0,53.6,1590,0
5.0,1.0,1.0,19.45,150,0
12.0,5.0,6.0,88.2,1470,0
11.0,5.0,3.0,101.15,1860,0
10.0,4.0,3.0,56.8,1650,0
14.0,6.0,4.0,99.4,2130,0
3.0,1.0,2.0,20.1,2160,0
12.0,5.0,1.0,60.7,1080,0
2.0,1.0,1.0,20.95,750,0
20.0,8.0,1.0,114.85,2160,0
5.0,1.0,0.0,19.25,1080,0
8.0,3.0,2.0,62.8,30,0
17.0,6.0,5.0,105.5,2160,0
6.0,1.0,2.0,19.85,1770,0
8.0,3.0,3.0,89.5,210,1
11.0,5.0,2.0,74.1,30,0
14.0,7.0,1.0,107.5,900,0
2.0,1.0,0.0,19.55,1920,0
14.0,6.0,1.0,68.8,1890,0
14.0,7.0,2.0,84.45,2160,0
8.0,2.0,3.0,75.0,240,1
15.0,7.0,2.0,84.5,1860,0
16.0,7.0,2.0,111.2,2010,0
5.0,1.0,3.0,44.75,180,1
14.0,6.0,3.0,80.6,2100,0
9.0,2.0,4.0,80.7,600,0
5.0,2.0,5.0,75.6,150,0
10.0,5.0,3.0,57.6,720,0
5.0,1.0,2.0,44.05,330,1
16.0,7.0,2.0,110.6,2160,0
11.0,4.0,3.0,58.2,1980,0
14.0,6.0,1.0,81.0,1350,0
2.0,1.0,1.0,19.7,2070,0
8.0,3.0,4.0,85.6,450,1
7.0,3.0,2.0,59.55,840,0
19.0,8.0,2.0,115.55,2100,1
15.0,6.0,1.0,75.55,1080,0
7.0,3.0,3.0,86.6,480,1
6.0,3.0,4.0,85.2,540,1
11.0,4.0,3.0,97.65,1020,1
7.0,3.0,3.0,45.1,1260,0
16.0,5.0,1.0,70.95,1440,0
16.0,7.0,1.0,109.55,1410,1
11.0,5.0,2.0,89.55,1170,1
4.0,1.0,0.0,20.9,330,0
4.0,1.0,0.0,19.95,210,0
4.0,2.0,0.0,24.6,90,0
11.0,4.0,3.0,66.7,240,0
3.0,1.0,2.0,19.45,30,1
12.0,5.0,4.0,94.8,960,0
12.0,5.0,1.0,65.85,1800,0
5.0,1.0,1.0,19.95,300,0
5.0,2.0,1.0,24.65,2130,0
3.0,1.0,1.0,20.35,120,1
4.0,1.0,3.0,69.25,30,1
9.0,4.0,3.0,51.25,1290,0
13.0,5.0,5.0,99.5,1770,1
7.0,3.0,0.0,54.25,690,0
6.0,1.0,2.0,19.4,2160,0
6.0,3.0,0.0,56.25,660,0
2.0,0.0,4.0,25.15,30,0
9.0,2.0,1.0,23.95,2070,0
7.0,2.0,1.0,35.4,1500,0
3.0,0.0,2.0,25.2,30,1
4.0,1.0,3.0,45.0,60,1
8.0,2.0,5.0,75.35,450,0
5.0,1.0,1.0,20.4,930,0
2.0,1.0,1.0,20.15,30,1
13.0,6.0,5.0,105.0,1980,1
16.0,5.0,0.0,56.05,0,0
8.0,2.0,4.0,54.7,90,1
7.0,1.0,1.0,20.0,240,0
13.0,5.0,3.0,73.05,1920,0
5.0,1.0,1.0,20.5,840,0
10.0,5.0,3.0,100.75,1710,0
10.0,4.0,3.0,87.25,420,1
4.0,1.0,0.0,19.95,570,0
7.0,2.0,4.0,79.95,300,1
7.0,3.0,3.0,49.65,1530,0
15.0,5.0,3.0,65.65,2010,0
9.0,1.0,0.0,20.45,330,0
13.0,5.0,0.0,60.95,2160,0
4.0,1.0,1.0,20.35,1980,0
12.0,4.0,2.0,88.35,540,1
3.0,1.0,1.0,19.5,270,0
4.0,2.0,5.0,75.2,270,0
16.0,7.0,4.0,111.45,1440,0
4.0,1.0,5.0,70.15,300,0
8.0,4.0,4.0,94.75,270,1
10.0,4.0,3.0,95.05,390,1
6.0,3.0,5.0,78.45,120,1
3.0,1.0,3.0,70.2,120,1
16.0,8.0,0.0,92.0,2160,0
16.0,7.0,0.0,85.5,1530,0
5.0,2.0,4.0,41.05,1770,1
7.0,3.0,4.0,85.6,300,1
6.0,3.0,3.0,82.15,1830,0
8.0,4.0,4.0,84.4,1620,0
9.0,4.0,5.0,60.9,990,0
2.0,1.0,1.0,20.25,810,0
11.0,2.0,3.0,79.2,30,1
9.0,4.0,3.0,95.3,690,0
6.0,1.0,0.0,19.85,30,0
16.0,7.0,1.0,84.35,1350,0
6.0,1.0,1.0,19.85,1170,0
10.0,4.0,8.0,70.0,150,1
16.0,7.0,0.0,82.3,2160,0
10.0,4.0,2.0,66.8,1740,0
12.0,4.0,0.0,44.6,2100,0
11.0,5.0,1.0,98.45,1830,0
4.0,1.0,5.0,70.7,60,0
7.0,2.0,0.0,24.95,1380,0
9.0,2.0,4.0,49.95,30,1
3.0,1.0,4.0,69.25,660,1
14.0,6.0,1.0,102.5,1440,0
14.0,7.0,1.0,86.55,1920,0
7.0,2.0,2.0,24.3,2160,0
9.0,3.0,2.0,58.35,360,0
10.0,5.0,3.0,94.25,1020,1
11.0,5.0,2.0,68.75,2160,0
8.0,4.0,4.0,85.8,870,0
2.0,1.0,0.0,20.1,990,0
3.0,1.0,2.0,20.35,30,0
17.0,7.0,2.0,110.8,1860,0
12.0,5.0,2.0,73.0,1230,1
15.0,5.0,3.0,100.05,1920,1
8.0,3.0,5.0,82.85,120,0
10.0,4.0,2.0,84.35,720,0
4.0,1.0,0.0,19.55,420,0
3.0,1.0,1.0,19.95,90,0
12.0,5.0,3.0,99.8,120,1
3.0,1.0,6.0,35.0,540,1
6.0,3.0,3.0,66.25,240,0
8.0,2.0,5.0,23.3,1050,0
5.0,2.0,4.0,76.0,30,1
7.0,2.0,0.0,25.3,1980,0
7.0,3.0,2.0,44.55,240,0
14.0,6.0,7.0,104.1,2130,0
10.0,4.0,5.0,92.55,1290,0
9.0,4.0,4.0,93.85,60,1
12.0,5.0,3.0,101.45,870,0
6.0,3.0,5.0,84.3,450,1
14.0,6.0,3.0,94.55,1950,0
11.0,5.0,1.0,95.5,1050,0
11.0,5.0,3.0,100.3,1920,0
8.0,4.0,0.0,55.5,1740,0
7.0,2.0,3.0,49.85,540,0
9.0,4.0,4.0,89.55,2010,0
4.0,1.0,0.0,19.15,1890,0
11.0,5.0,5.0,99.8,1800,0
11.0,3.0,4.0,84.4,270,1
17.0,8.0,2.0,113.05,2100,0
14.0,5.0,3.0,101.1,450,1
3.0,1.0,0.0,19.95,1440,0
10.0,5.0,1.0,74.15,360,0
15.0,6.0,2.0,92.0,2130,0
7.0,2.0,4.0,73.85,1320,0
6.0,2.0,3.0,50.45,30,1
7.0,2.0,3.0,24.45,1350,0
6.0,2.0,1.0,24.8,690,0
10.0,4.0,1.0,64.85,1290,0
3.0,1.0,1.0,20.75,1050,0
12.0,5.0,0.0,68.95,270,0
13.0,5.0,2.0,99.95,360,1
15.0,7.0,4.0,109.4,1950,0
10.0,4.0,3.0,91.4,60,1
6.0,2.0,2.0,49.0,810,0
6.0,2.0,2.0,50.25,1200,0
6.0,2.0,4.0,75.55,150,1
3.0,1.0,2.0,19.9,240,0
12.0,5.0,4.0,97.8,1740,0
10.0,5.0,4.0,100.3,1560,0
9.0,3.0,0.0,55.8,90,0
17.0,7.0,4.0,111.15,1230,0
11.0,5.0,3.0,98.55,600,0
7.0,2.0,2.0,50.05,30,0
12.0,3.0,2.0,80.8,120,1
6.0,1.0,0.0,20.85,690,0
3.0,1.0,1.0,19.5,180,0
3.0,1.0,0.0,19.35,240,0
10.0,5.0,2.0,69.5,540,0
6.0,3.0,4.0,48.8,1560,0
10.0,4.0,5.0,94.5,930,0
3.0,1.0,2.0,20.65,870,0
16.0,7.0,1.0,106.05,1080,0
15.0,5.0,5.0,100.0,480,1
17.0,6.0,2.0,108.3,1260,0
4.0,1.0,0.0,20.55,30,1
13.0,5.0,4.0,99.65,1800,0
10.0,4.0,4.0,85.3,150,1
12.0,5.0,1.0,95.9,660,0
2.0,1.0,1.0,20.0,1080,0
4.0,1.0,3.0,70.4,120,1
9.0,4.0,0.0,64.95,270,0
8.0,2.0,3.0,74.6,30,0
4.0,2.0,2.0,49.2,360,0
14.0,5.0,2.0,73.75,690,0
16.0,5.0,6.0,92.3,1860,0
13.0,5.0,1.0,98.8,1110,1
4.0,1.0,0.0,19.2,240,0
10.0,4.0,5.0,88.65,930,0
5.0,2.0,4.0,74.4,390,1
12.0,5.0,6.0,98.75,720,1
12.0,5.0,5.0,95.95,1350,0
14.0,6.0,3.0,105.4,2070,0
4.0,1.0,3.0,20.25,60,0
15.0,6.0,3.0,106.0,1830,1
14.0,6.0,4.0,104.7,1230,1
7.0,3.0,4.0,49.05,1320,0
6.0,2.0,1.0,35.55,1170,0
14.0,6.0,1.0,65.1,2160,0
11.0,4.0,6.0,96.85,390,0
12.0,5.0,4.0,69.75,1530,0
13.0,5.0,4.0,99.2,2130,0
9.0,4.0,3.0,96.7,660,1
9.0,3.0,0.0,55.05,60,1
15.0,6.0,7.0,106.8,1680,0
8.0,2.0,4.0,51.25,30,0
11.0,4.0,0.0,57.75,690,0
12.0,5.0,4.0,70.85,1980,0
3.0,1.0,0.0,19.55,30,0
13.0,4.0,4.0,88.2,570,1
6.0,3.0,5.0,79.5,330,0
2.0,1.0,0.0,19.75,240,1
15.0,6.0,5.0,98.15,1560,0
6.0,1.0,1.0,20.25,90,0
8.0,3.0,4.0,79.15,1530,0
9.0,2.0,4.0,75.65,450,1
11.0,5.0,5.0,94.25,1920,0
4.0,2.0,2.0,40.2,1110,0
5.0,1.0,1.0,19.95,390,0
8.0,3.0,2.0,55.35,1470,0
12.0,5.0,3.0,102.15,1350,0
3.0,1.0,6.0,71.1,540,0
6.0,2.0,4.0,74.7,30,1
10.0,4.0,4.0,54.1,2040,0
7.0,1.0,1.0,19.65,1620,0
11.0,4.0,4.0,88.45,690,0
4.0,2.0,3.0,76.65,510,1
18.0,7.0,0.0,80.4,2130,0
3.0,1.0,1.0,19.25,2010,0
11.0,3.0,4.0,84.8,420,0
1.0,0.0,2.0,25.8,30,1
7.0,1.0,1.0,19.5,1890,0
11.0,5.0,1.0,68.6,1230,0
9.0,4.0,3.0,92.6,510,0
13.0,5.0,3.0,100.55,1680,0
3.0,1.0,1.0,20.55,150,0
7.0,3.0,4.0,42.6,60,1
4.0,1.0,0.0,19.6,90,0
15.0,6.0,1.0,67.45,1110,0
11.0,5.0,2.0,68.85,870,1
6.0,1.0,2.0,43.55,240,0
14.0,7.0,1.0,109.85,1890,0
4.0,1.0,2.0,20.65,210,0
9.0,4.0,4.0,95.4,90,0
4.0,1.0,1.0,21.0,2160,0
6.0,2.0,3.0,56.2,570,0
4.0,1.0,1.0,18.4,1770,0
11.0,4.0,1.0,90.0,60,1
7.0,2.0,1.0,25.75,1050,0
5.0,1.0,0.0,19.6,420,0
6.0,2.0,4.0,75.35,420,1
6.0,1.0,0.0,19.8,2070,0
13.0,5.0,3.0,64.2,210,0
18.0,6.0,0.0,75.75,2070,0
15.0,6.0,1.0,78.95,2160,0
11.0,5.0,3.0,100.85,240,1
6.0,2.0,4.0,50.3,120,0
13.0,3.0,3.0,80.3,1890,0
4.0,1.0,0.0,19.85,2160,0
3.0,1.0,1.0,21.1,1380,0
7.0,1.0,5.0,69.95,150,1
7.0,2.0,2.0,50.0,900,0
17.0,6.0,3.0,104.75,1890,0
4.0,1.0,3.0,19.85,1800,0
12.0,6.0,3.0,107.5,1890,1
6.0,3.0,4.0,85.9,750,0
3.0,1.0,4.0,45.85,30,1
8.0,3.0,4.0,80.8,180,0
7.0,2.0,1.0,25.25,660,0
14.0,6.0,2.0,80.55,930,0
8.0,3.0,2.0,81.5,1170,0
5.0,1.0,2.0,20.9,780,0
13.0,6.0,3.0,106.1,1590,1
15.0,4.0,2.0,91.7,30,1
12.0,5.0,2.0,67.25,360,0
16.0,5.0,3.0,95.6,480,1
3.0,1.0,1.0,20.35,60,0
6.0,3.0,0.0,45.05,1170,0
5.0,2.0,4.0,74.95,30,1
10.0,2.0,1.0,34.65,210,0
4.0,1.0,4.0,69.35,120,0
10.0,4.0,3.0,95.35,300,1
7.0,3.0,5.0,81.55,1650,0
11.0,5.0,2.0,75.4,2160,0
9.0,4.0,2.0,67.8,300,0
15.0,7.0,1.0,111.4,330,0
4.0,1.0,2.0,46.3,450,0
4.0,1.0,0.0,20.4,690,0
4.0,1.0,1.0,20.05,30,0
2.0,1.0,4.0,45.0,90,1
11.0,5.0,8.0,96.1,1410,0
6.0,1.0,0.0,19.65,450,0
15.0,5.0,5.0,99.5,1980,1
10.0,4.0,1.0,60.65,2040,0
14.0,5.0,2.0,98.6,510,1
6.0,3.0,1.0,59.5,210,1
7.0,2.0,3.0,80.45,360,1
16.0,5.0,3.0,71.7,630,0
4.0,2.0,2.0,36.0,630,0
14.0,4.0,3.0,65.2,1680,0
6.0,2.0,3.0,48.95,180,0
11.0,4.0,3.0,53.5,1950,0
15.0,6.0,1.0,80.45,1260,0
14.0,7.0,2.0,109.05,2040,0
5.0,2.0,1.0,26.3,1440,0
13.0,6.0,1.0,106.8,1500,0
9.0,4.0,3.0,64.95,210,0
4.0,1.0,2.0,19.35,1890,0
8.0,1.0,1.0,21.1,510,0
6.0,2.0,4.0,77.95,1260,1
5.0,1.0,0.0,18.85,120,0
6.0,2.0,0.0,26.0,1860,0
11.0,2.0,3.0,74.7,60,1
5.0,1.0,3.0,70.35,60,0
13.0,6.0,6.0,96.9,1440,0
4.0,1.0,0.0,19.55,810,0
14.0,6.0,0.0,80.4,2100,0
10.0,4.0,3.0,88.8,30,1
11.0,5.0,3.0,94.65,1380,0
7.0,3.0,4.0,90.25,900,1
9.0,4.0,2.0,64.65,450,1
11.0,5.0,3.0,95.75,2070,0
4.0,1.0,2.0,19.55,1950,0
14.0,6.0,3.0,104.1,2160,0
10.0,4.0,1.0,89.05,390,1
2.0,1.0,3.0,20.1,510,0
16.0,7.0,2.0,111.55,1530,0
13.0,4.0,1.0,60.5,1530,0
18.0,8.0,4.0,90.95,2160,0
10.0,4.0,4.0,87.4,2010,1
4.0,1.0,0.0,19.7,1020,0
10.0,4.0,1.0,50.95,2010,0
4.0,1.0,1.0,20.05,1470,0
6.0,1.0,0.0,19.4,1590,0
12.0,4.0,0.0,59.45,810,0
11.0,4.0,3.0,94.75,690,1
16.0,7.0,2.0,81.5,2070,0
3.0,1.0,0.0,29.05,60,0
7.0,3.0,3.0,86.45,1050,1
12.0,5.0,0.0,70.6,1380,0
13.0,5.0,3.0,97.2,1620,0
12.0,5.0,4.0,98.25,1680,1
6.0,2.0,3.0,75.75,270,1
10.0,4.0,0.0,59.2,600,0
8.0,2.0,3.0,75.9,330,0
12.0,4.0,4.0,90.05,900,0
14.0,5.0,2.0,70.95,2040,0
16.0,6.0,3.0,102.6,1140,0
9.0,4.0,4.0,85.35,510,1
13.0,6.0,3.0,106.1,1440,1
2.0,1.0,4.0,43.8,30,0
11.0,5.0,3.0,59.0,1890,0
10.0,4.0,4.0,69.95,90,0
8.0,2.0,0.0,24.35,1440,0
4.0,1.0,1.0,29.45,1980,0
10.0,4.0,5.0,84.4,2040,0
6.0,1.0,2.0,45.05,510,1
3.0,1.0,1.0,20.65,210,0
17.0,8.0,0.0,87.1,2160,0
5.0,1.0,0.0,19.85,870,0
9.0,4.0,2.0,90.35,1110,0
16.0,7.0,4.0,109.8,1020,1
7.0,3.0,3.0,84.65,1260,1
10.0,5.0,1.0,65.5,1770,0
8.0,2.0,3.0,79.5,330,1
7.0,3.0,4.0,80.95,1800,0
8.0,3.0,1.0,56.15,810,0
6.0,3.0,5.0,85.8,30,1
5.0,2.0,3.0,79.1,30,1
5.0,2.0,4.0,34.4,510,0
2.0,1.0,2.0,20.75,1740,0
2.0,1.0,0.0,18.8,30,0
6.0,1.0,3.0,44.3,90,1
11.0,5.0,3.0,90.8,1590,0
4.0,2.0,2.0,25.6,1050,0
12.0,6.0,3.0,105.95,1500,1
14.0,5.0,1.0,70.8,2040,0
8.0,2.0,1.0,25.4,1410,0
14.0,6.0,3.0,108.8,1950,0
4.0,1.0,4.0,69.75,150,1
9.0,4.0,5.0,94.65,1530,1
9.0,4.0,4.0,96.05,1380,1
5.0,2.0,4.0,76.85,270,0
7.0,1.0,2.0,20.25,240,0
4.0,2.0,0.0,24.8,420,0
21.0,8.0,1.0,115.65,1350,0
5.0,2.0,3.0,74.6,240,0
5.0,2.0,3.0,50.15,30,1
12.0,6.0,4.0,103.15,1980,0
13.0,6.0,2.0,72.1,2160,0
18.0,8.0,1.0,113.6,1230,1
6.0,2.0,0.0,25.1,690,0
4.0,2.0,4.0,78.9,870,1
9.0,3.0,3.0,80.15,120,0
7.0,2.0,2.0,25.4,180,0
17.0,7.0,1.0,105.4,2010,0
3.0,1.0,4.0,45.75,210,0
5.0,2.0,2.0,24.45,1680,0
6.0,2.0,0.0,25.0,2160,0
14.0,7.0,4.0,85.25,2160,0
4.0,1.0,0.0,19.6,690,0
6.0,2.0,2.0,50.15,1050,0
3.0,1.0,7.0,70.55,810,0
8.0,4.0,2.0,60.05,780,1
7.0,2.0,1.0,26.4,360,0
4.0,1.0,1.0,20.15,1200,0
11.0,5.0,2.0,58.85,210,0
11.0,5.0,3.0,97.55,2100,0
3.0,1.0,0.0,19.65,1800,0
0.0,0.0,2.0,25.25,1170,0
19.0,8.0,1.0,114.45,2160,0
5.0,1.0,4.0,34.7,30,1
12.0,5.0,0.0,70.7,1620,0
8.0,3.0,3.0,85.3,90,1
13.0,6.0,1.0,75.55,1890,0
14.0,4.0,4.0,84.8,2130,0
3.0,1.0,1.0,20.65,1260,0
5.0,1.0,2.0,20.45,1410,0
13.0,6.0,3.0,102.45,1980,1
14.0,6.0,3.0,104.4,630,1
5.0,2.0,1.0,35.65,330,0
10.0,5.0,4.0,99.75,30,1
12.0,5.0,4.0,90.45,1650,0
13.0,6.0,1.0,97.65,2070,0
6.0,2.0,3.0,73.85,90,0
11.0,5.0,1.0,74.4,120,1
13.0,5.0,1.0,69.1,900,0
9.0,4.0,1.0,82.75,150,0
6.0,2.0,0.0,24.4,2130,0
9.0,3.0,3.0,55.25,870,0
14.0,4.0,1.0,61.35,1560,0
16.0,6.0,3.0,76.75,2040,0
4.0,1.0,2.0,19.4,1380,0
6.0,2.0,6.0,54.75,240,0
2.0,1.0,1.0,19.7,2160,0
4.0,1.0,0.0,19.9,510,0
16.0,6.0,2.0,107.95,90,0
7.0,3.0,7.0,83.8,60,0
6.0,2.0,3.0,74.25,270,1
9.0,4.0,3.0,56.4,1530,0
5.0,1.0,0.0,20.1,180,0
12.0,4.0,3.0,94.9,90,0
9.0,4.0,5.0,94.2,510,0
5.0,2.0,3.0,49.9,900,0
12.0,5.0,0.0,71.05,930,0
15.0,6.0,2.0,81.65,1350,0
11.0,5.0,3.0,89.45,1920,0
9.0,3.0,4.0,59.85,30,1
7.0,1.0,5.0,69.6,30,1
14.0,5.0,6.0,99.0,1830,0
3.0,1.0,1.0,19.05,30,0
6.0,2.0,2.0,45.4,270,1
17.0,8.0,4.0,114.45,2160,0
4.0,1.0,1.0,19.5,30,1
3.0,1.0,6.0,44.25,210,0
11.0,5.0,2.0,90.55,1980,0
7.0,1.0,4.0,69.9,30,1
3.0,1.0,1.0,20.4,1200,0
13.0,5.0,3.0,71.4,480,0
9.0,3.0,4.0,87.15,60,1
8.0,2.0,2.0,24.85,2010,0
19.0,6.0,3.0,104.45,1230,0
4.0,1.0,2.0,19.8,1680,0
20.0,8.0,2.0,116.45,2160,0
8.0,3.0,5.0,84.75,90,1
4.0,1.0,0.0,20.05,1620,0
16.0,7.0,3.0,110.75,1560,0
9.0,4.0,4.0,89.7,1500,0
9.0,4.0,2.0,89.95,420,1
10.0,2.0,2.0,48.7,810,0
14.0,6.0,2.0,96.6,2160,0
11.0,5.0,4.0,74.3,1860,0
7.0,3.0,0.0,54.3,360,0
16.0,5.0,0.0,74.85,1320,0
10.0,3.0,1.0,79.95,1620,0
4.0,1.0,1.0,20.05,2040,0
3.0,1.0,3.0,19.4,600,0
8.0,3.0,2.0,54.9,1500,0
4.0,2.0,2.0,24.45,1740,0
8.0,4.0,4.0,89.65,1050,0
7.0,1.0,4.0,45.4,60,0
12.0,6.0,3.0,75.7,1890,0
14.0,7.0,4.0,110.65,1740,0
6.0,1.0,0.0,20.55,810,0
17.0,8.0,1.0,115.15,2130,0
8.0,3.0,6.0,58.55,1890,0
13.0,5.0,4.0,93.25,2130,0
17.0,7.0,3.0,113.2,1230,1
8.0,3.0,3.0,90.5,390,1
9.0,2.0,4.0,79.0,60,1
5.0,1.0,0.0,19.35,2040,0
4.0,2.0,2.0,48.75,30,0
19.0,7.0,1.0,109.05,1950,0
6.0,2.0,3.0,25.0,2160,0
9.0,3.0,0.0,54.9,840,0
5.0,2.0,1.0,24.75,2160,0
10.0,4.0,3.0,91.15,60,0
2.0,1.0,0.0,20.15,540,1
14.0,6.0,3.0,104.35,1800,0
9.0,4.0,0.0,66.05,780,0
4.0,1.0,3.0,71.65,30,1
5.0,1.0,1.0,20.35,120,1
18.0,8.0,0.0,92.2,2040,0
10.0,4.0,2.0,84.25,1140,1
13.0,6.0,3.0,105.2,1260,0
4.0,1.0,1.0,19.6,1710,0
4.0,1.0,2.0,30.4,1620,0
8.0,2.0,4.0,78.1,360,1
9.0,4.0,4.0,61.5,1320,0
13.0,5.0,3.0,69.4,1260,0
5.0,2.0,0.0,24.75,2160,0
18.0,8.0,1.0,91.05,2130,0
10.0,4.0,4.0,89.65,570,1
10.0,5.0,1.0,73.65,690,0
3.0,1.0,1.0,19.4,900,0
7.0,2.0,1.0,26.2,1050,0
13.0,5.0,5.0,98.7,300,1
4.0,1.0,4.0,43.85,30,0
3.0,1.0,7.0,69.7,660,0
7.0,3.0,2.0,38.55,210,0
10.0,5.0,1.0,53.1,1080,0
3.0,1.0,1.0,20.65,1020,0
12.0,5.0,3.0,64.45,2160,0
4.0,2.0,1.0,25.1,1080,0
7.0,2.0,3.0,76.35,30,1
8.0,3.0,4.0,79.15,690,1
10.0,3.0,3.0,85.0,960,1
13.0,6.0,1.0,95.15,2130,0
10.0,3.0,4.0,79.35,690,0
10.0,4.0,4.0,96.65,510,0
11.0,5.0,1.0,75.5,30,0
7.0,1.0,0.0,19.7,360,0
7.0,1.0,1.0,20.5,2160,0
4.0,1.0,1.0,19.2,30,0
12.0,5.0,4.0,98.35,2160,0
7.0,2.0,3.0,74.35,1800,0
11.0,4.0,0.0,51.35,1830,0
4.0,1.0,2.0,45.65,180,0
9.0,3.0,4.0,85.3,960,1
8.0,3.0,6.0,86.55,930,1
4.0,2.0,4.0,73.85,570,1
4.0,1.0,0.0,20.3,2160,0
10.0,3.0,2.0,54.2,960,0
8.0,4.0,6.0,90.65,1950,0
10.0,3.0,3.0,50.9,1350,0
4.0,2.0,0.0,25.05,1260,0
6.0,2.0,4.0,74.85,240,0
2.0,1.0,0.0,20.5,960,0
11.0,5.0,0.0,63.55,660,0
6.0,2.0,5.0,44.85,1710,1
5.0,2.0,2.0,47.95,30,0
6.0,1.0,3.0,45.1,30,1
4.0,1.0,2.0,45.0,30,0
8.0,4.0,3.0,96.0,720,1
3.0,1.0,0.0,20.05,30,1
12.0,4.0,3.0,90.05,1620,0
10.0,2.0,0.0,25.3,120,0
15.0,7.0,3.0,108.65,1950,1
7.0,2.0,1.0,24.3,1680,0
12.0,5.0,3.0,75.95,1350,0
2.0,1.0,3.0,19.7,2130,0
14.0,5.0,3.0,66.4,1770,0
7.0,2.0,2.0,35.75,2070,0
2.0,1.0,0.0,18.8,570,0
2.0,1.0,0.0,19.4,1650,0
4.0,1.0,1.0,19.3,1140,0
5.0,1.0,4.0,45.55,300,1
12.0,5.0,2.0,67.45,1410,0
4.0,1.0,2.0,35.1,60,1
3.0,1.0,3.0,46.2,30,1
5.0,1.0,3.0,45.15,30,1
9.0,3.0,2.0,43.3,30,1
3.0,1.0,1.0,20.1,1380,0
7.0,3.0,2.0,57.15,1140,1
10.0,4.0,1.0,58.9,1950,0
7.0,2.0,4.0,73.2,570,1
8.0,3.0,3.0,85.35,1560,1
4.0,1.0,1.0,19.45,2130,0
3.0,1.0,3.0,45.95,30,1
12.0,4.0,0.0,50.5,1560,0
5.0,2.0,1.0,25.1,180,0
6.0,3.0,4.0,60.7,780,0
13.0,5.0,4.0,99.0,1440,0
12.0,6.0,1.0,104.4,1920,0
8.0,3.0,5.0,83.75,90,1
5.0,1.0,2.0,44.05,30,0
7.0,2.0,0.0,24.1,2160,0
5.0,1.0,2.0,45.55,30,0
11.0,5.0,6.0,93.8,1530,0
4.0,1.0,2.0,19.7,1230,0
12.0,5.0,6.0,70.65,2160,0
14.0,7.0,0.0,86.45,1290,0
16.0,8.0,2.0,114.1,2160,0
10.0,4.0,5.0,95.2,1410,0
18.0,8.0,1.0,88.55,2160,0
5.0,1.0,0.0,20.75,90,0
5.0,1.0,3.0,70.05,30,1
7.0,3.0,4.0,86.0,60,1
8.0,3.0,2.0,44.65,780,0
7.0,3.0,4.0,60.2,870,0
13.0,6.0,2.0,100.5,1050,1
6.0,3.0,2.0,55.45,810,0
13.0,5.0,0.0,70.3,720,0
10.0,4.0,0.0,60.4,2010,0
6.0,2.0,4.0,72.65,480,1
6.0,3.0,4.0,55.8,690,0
5.0,1.0,2.0,31.1,420,0
4.0,1.0,1.0,21.0,30,1
5.0,1.0,4.0,45.1,30,1
8.0,3.0,5.0,50.95,120,0
15.0,5.0,2.0,69.1,480,0
7.0,2.0,2.0,43.95,1380,0
14.0,7.0,1.0,86.5,2040,0
15.0,6.0,1.0,69.95,1140,0
6.0,2.0,4.0,50.4,900,1
8.0,2.0,4.0,78.95,150,1
10.0,4.0,3.0,90.95,510,0
6.0,1.0,0.0,19.9,120,0
6.0,1.0,0.0,20.15,360,0
18.0,8.0,1.0,90.6,2160,0
8.0,3.0,3.0,92.0,90,0
13.0,5.0,3.0,94.45,1680,1
6.0,2.0,1.0,24.85,1230,0
6.0,2.0,1.0,36.0,1200,0
15.0,6.0,0.0,78.5,210,0
5.0,1.0,0.0,19.95,2070,0
4.0,1.0,2.0,20.65,210,0
4.0,1.0,6.0,30.5,150,0
16.0,7.0,3.0,106.1,2160,0
6.0,1.0,0.0,20.5,1320,0
14.0,5.0,3.0,95.5,1950,0
11.0,4.0,2.0,64.6,90,0
6.0,2.0,1.0,51.1,720,0
12.0,4.0,3.0,84.8,1320,1
18.0,8.0,1.0,89.1,2160,0
8.0,3.0,0.0,54.95,720,0
10.0,2.0,4.0,50.9,30,1
3.0,1.0,1.0,20.45,660,0
14.0,7.0,0.0,85.95,2100,0
7.0,3.0,2.0,60.35,750,0
3.0,1.0,1.0,19.8,1110,0
8.0,3.0,6.0,85.35,660,0
10.0,5.0,2.0,72.1,1770,0
15.0,5.0,3.0,99.8,1470,1
16.0,6.0,1.0,107.35,1410,1
5.0,1.0,1.0,19.55,930,1
6.0,2.0,3.0,81.05,30,0
3.0,1.0,1.0,20.5,90,0
16.0,7.0,2.0,111.8,1590,0
5.0,1.0,2.0,20.2,30,0
6.0,1.0,0.0,19.7,600,0
7.0,3.0,3.0,79.1,90,1
2.0,1.0,1.0,19.85,1530,0
9.0,4.0,0.0,60.5,1530,0
2.0,1.0,0.0,19.55,390,0
4.0,1.0,1.0,20.9,30,0
4.0,1.0,1.0,21.05,30,0
12.0,6.0,1.0,71.5,1890,0
4.0,2.0,3.0,54.65,90,0
2.0,1.0,1.0,19.2,1380,0
4.0,2.0,3.0,49.8,30,0
2.0,0.0,4.0,25.5,240,1
5.0,1.0,0.0,20.5,2130,0
10.0,4.0,4.0,90.4,1650,0
12.0,5.0,1.0,90.25,2100,0
7.0,2.0,5.0,80.75,60,1
14.0,6.0,2.0,104.6,2010,0
11.0,4.0,4.0,91.85,1950,1
7.0,2.0,5.0,50.2,420,0
13.0,5.0,1.0,95.5,600,0
6.0,2.0,4.0,75.35,30,1
4.0,2.0,6.0,75.45,30,1
12.0,4.0,3.0,95.4,1470,0
13.0,6.0,3.0,101.3,2160,0
8.0,3.0,2.0,53.1,1380,0
11.0,4.0,4.0,84.85,720,0
9.0,2.0,1.0,34.25,150,0
11.0,5.0,2.0,88.6,990,0
10.0,4.0,2.0,60.15,1260,0
12.0,5.0,4.0,99.95,690,0
5.0,1.0,4.0,70.7,240,0
9.0,3.0,4.0,54.8,1980,0
5.0,2.0,3.0,49.55,720,1
10.0,3.0,3.0,54.8,720,0
16.0,7.0,4.0,78.6,2070,1
13.0,5.0,4.0,100.3,1590,0
9.0,4.0,3.0,53.6,1800,0
7.0,2.0,4.0,81.1,210,1
3.0,1.0,1.0,19.35,600,0
7.0,3.0,6.0,85.6,690,0
13.0,6.0,1.0,80.8,2160,0
8.0,2.0,3.0,74.95,330,1
4.0,1.0,2.0,19.6,630,0
8.0,4.0,3.0,93.55,30,1
9.0,4.0,4.0,90.7,930,0
14.0,5.0,0.0,69.75,1710,0
3.0,1.0,0.0,20.0,1350,0
11.0,5.0,3.0,95.25,300,0
15.0,6.0,4.0,102.1,1740,1
2.0,1.0,0.0,19.95,420,0
13.0,6.0,3.0,80.85,810,0
9.0,4.0,4.0,90.9,420,1
4.0,1.0,3.0,29.2,360,1
12.0,5.0,3.0,93.3,2070,0
9.0,4.0,3.0,89.15,750,1
16.0,7.0,4.0,108.85,1740,1
7.0,3.0,1.0,46.35,1050,0
8.0,3.0,3.0,84.75,480,1
14.0,6.0,3.0,78.75,1350,0
10.0,3.0,3.0,83.55,510,0
3.0,1.0,2.0,45.7,30,1
6.0,1.0,1.0,19.6,660,0
5.0,1.0,4.0,69.95,30,1
13.0,5.0,1.0,67.85,2010,0
13.0,6.0,1.0,105.65,2010,0
7.0,2.0,4.0,44.6,60,1
6.0,2.0,3.0,74.95,690,1
6.0,2.0,3.0,75.5,270,0
3.0,1.0,2.0,20.15,150,0
7.0,3.0,0.0,45.2,1620,0
8.0,4.0,5.0,95.25,1710,1
11.0,4.0,3.0,89.85,720,1
13.0,5.0,3.0,100.45,1470,1
7.0,2.0,3.0,47.15,150,1
5.0,2.0,3.0,80.2,60,1
9.0,4.0,2.0,87.1,120,1
15.0,7.0,1.0,79.25,2100,0
10.0,2.0,3.0,75.9,150,1
17.0,7.0,1.0,85.7,1590,0
13.0,6.0,5.0,98.75,1410,1
6.0,1.0,1.0,20.1,930,0
9.0,4.0,1.0,61.8,390,0
5.0,2.0,3.0,49.9,840,0
8.0,3.0,4.0,86.45,300,1
2.0,1.0,1.0,20.4,1140,0
4.0,1.0,2.0,45.3,30,1
12.0,6.0,5.0,104.1,2010,1
11.0,5.0,3.0,75.4,1560,0
17.0,7.0,2.0,108.15,1860,0
9.0,3.0,3.0,86.25,480,0
8.0,3.0,4.0,81.0,150,1
9.0,4.0,4.0,95.7,360,0
16.0,8.0,1.0,116.85,2160,0
14.0,6.0,2.0,105.75,2130,0
3.0,1.0,0.0,20.15,720,0
4.0,1.0,2.0,19.6,450,0
12.0,4.0,3.0,90.6,2010,1
9.0,4.0,2.0,60.95,60,0
4.0,0.0,2.0,25.05,150,0
6.0,3.0,3.0,88.15,450,1
3.0,1.0,1.0,20.2,30,1
8.0,4.0,2.0,60.3,1230,0
9.0,4.0,2.0,63.95,1290,0
5.0,2.0,4.0,74.3,30,0
7.0,1.0,3.0,70.6,30,0
7.0,3.0,4.0,90.8,780,1
7.0,3.0,5.0,79.35,660,1
16.0,8.0,0.0,90.55,2130,0
5.0,1.0,1.0,19.45,210,0
12.0,5.0,3.0,64.45,840,0
4.0,1.0,4.0,69.65,480,0
4.0,1.0,1.0,19.5,210,0
17.0,7.0,2.0,110.5,2070,0
1.0,0.0,2.0,24.7,30,0
11.0,5.0,3.0,77.4,90,0
9.0,4.0,7.0,96.8,630,1
11.0,4.0,4.0,85.4,2070,0
12.0,4.0,1.0,47.6,2130,0
5.0,1.0,1.0,19.4,2070,0
12.0,6.0,1.0,103.85,1440,0
11.0,4.0,5.0,83.35,1410,1
7.0,2.0,5.0,49.4,60,1
14.0,7.0,2.0,108.45,1350,0
9.0,3.0,4.0,81.0,1530,0
16.0,6.0,2.0,79.2,660,1
17.0,8.0,0.0,86.65,2160,0
13.0,5.0,4.0,92.95,1110,0
18.0,8.0,1.0,90.35,2130,0
5.0,2.0,2.0,48.7,210,1
9.0,2.0,3.0,25.15,1980,0
11.0,5.0,2.0,76.4,1530,0
2.0,1.0,2.0,19.55,900,0
8.0,3.0,3.0,85.35,1020,0
5.0,2.0,1.0,24.8,1920,0
16.0,6.0,4.0,103.15,1950,0
13.0,6.0,3.0,100.75,1410,0
9.0,4.0,3.0,95.6,30,1
10.0,4.0,2.0,59.75,1470,1
11.0,5.0,3.0,94.1,2010,0
5.0,1.0,1.0,19.35,1170,0
7.0,1.0,2.0,19.9,420,0
13.0,6.0,2.0,108.15,1290,1
12.0,5.0,3.0,101.05,1680,0
9.0,3.0,0.0,59.1,420,0
5.0,1.0,3.0,71.35,30,1
9.0,3.0,3.0,55.85,480,0
14.0,6.0,4.0,106.05,2100,0
14.0,7.0,2.0,84.1,2160,0
6.0,2.0,5.0,75.3,690,0
7.0,2.0,2.0,24.7,630,0
4.0,1.0,1.0,20.15,30,1
2.0,1.0,3.0,69.75,30,1
11.0,4.0,4.0,93.2,960,1
8.0,2.0,5.0,80.85,510,1
5.0,2.0,3.0,33.65,120,1
10.0,3.0,3.0,55.8,1080,0
6.0,3.0,3.0,39.7,1500,0
5.0,1.0,1.0,29.5,1440,0
5.0,1.0,0.0,20.15,1500,0
17.0,7.0,0.0,79.55,2160,0
7.0,2.0,0.0,24.8,300,0
4.0,1.0,2.0,19.65,540,0
5.0,2.0,3.0,79.95,30,1
5.0,1.0,1.0,19.3,30,1
9.0,4.0,5.0,94.05,270,0
11.0,4.0,3.0,90.75,60,0
9.0,3.0,1.0,78.85,1200,0
13.0,5.0,6.0,99.5,2070,0
14.0,6.0,2.0,99.2,1110,1
9.0,3.0,4.0,80.55,540,0
3.0,1.0,3.0,70.2,330,0
8.0,3.0,4.0,85.2,240,1
5.0,2.0,3.0,75.25,90,1
10.0,3.0,2.0,59.45,1650,0
13.0,5.0,6.0,93.35,990,0
6.0,1.0,3.0,44.95,1380,0
8.0,2.0,1.0,26.1,1020,0
6.0,1.0,1.0,20.2,90,0
6.0,1.0,0.0,21.25,900,0
9.0,4.0,0.0,59.4,990,0
10.0,5.0,3.0,95.0,1350,0
8.0,4.0,0.0,61.9,1200,0
20.0,8.0,1.0,118.65,2130,0
9.0,3.0,4.0,54.35,30,1
12.0,6.0,4.0,64.45,2160,0
5.0,2.0,3.0,80.15,660,0
4.0,1.0,1.0,20.2,1380,0
3.0,1.0,1.0,21.0,1650,0
3.0,1.0,0.0,20.45,30,0
16.0,5.0,1.0,75.85,360,0
7.0,3.0,5.0,80.45,930,0
2.0,0.0,4.0,24.95,150,1
10.0,5.0,4.0,75.5,2010,0
3.0,1.0,2.0,44.45,30,0
7.0,3.0,2.0,42.35,1200,1
14.0,6.0,3.0,74.55,1230,0
5.0,2.0,4.0,75.3,30,1
10.0,5.0,3.0,94.8,1530,1
9.0,4.0,1.0,48.15,1260,0
5.0,1.0,1.0,19.65,690,0
3.0,1.0,4.0,70.55,30,1
3.0,1.0,0.0,20.15,30,0
15.0,6.0,3.0,106.6,1680,0
11.0,4.0,4.0,91.0,450,0
5.0,2.0,0.0,25.4,360,0
10.0,5.0,2.0,69.95,1620,0
10.0,3.0,3.0,66.85,210,0
8.0,3.0,3.0,86.15,990,1
3.0,1.0,0.0,20.15,480,0
11.0,4.0,5.0,64.85,630,0
11.0,5.0,3.0,74.85,900,0
5.0,2.0,1.0,50.5,90,0
8.0,2.0,3.0,72.9,330,0
20.0,8.0,3.0,115.05,1860,0
3.0,1.0,1.0,19.0,540,0
4.0,1.0,0.0,19.55,180,0
14.0,5.0,3.0,101.1,1380,0
8.0,3.0,5.0,84.1,630,0
6.0,2.0,1.0,24.15,2040,0
5.0,2.0,3.0,50.1,30,0
6.0,2.0,5.0,74.6,750,0
3.0,1.0,0.0,19.75,720,0
9.0,3.0,5.0,85.0,900,1
8.0,2.0,3.0,80.55,60,1
15.0,6.0,3.0,106.8,1530,0
15.0,7.0,1.0,84.5,1710,0
4.0,2.0,2.0,25.05,450,0
15.0,7.0,0.0,83.7,2160,0
8.0,2.0,4.0,75.8,60,1
11.0,5.0,4.0,96.6,840,0
12.0,5.0,4.0,98.5,870,1
12.0,6.0,2.0,101.1,2100,0
7.0,1.0,0.0,20.2,390,0
14.0,6.0,5.0,94.05,1770,0
9.0,4.0,4.0,95.25,390,1
7.0,2.0,4.0,74.4,210,1
16.0,6.0,0.0,81.0,1860,0
9.0,4.0,0.0,60.25,630,0
7.0,3.0,3.0,60.85,60,0
6.0,1.0,3.0,43.95,30,0
10.0,3.0,3.0,86.05,120,0
3.0,1.0,1.0,20.25,570,0
8.0,3.0,3.0,85.15,900,1
5.0,1.0,2.0,19.4,2010,0
14.0,6.0,5.0,102.65,2160,0
5.0,1.0,0.0,19.9,1590,0
4.0,1.0,0.0,19.55,150,0
18.0,5.0,1.0,95.5,2130,0
16.0,7.0,1.0,84.15,1500,0
13.0,6.0,1.0,103.2,1680,0
5.0,2.0,3.0,50.2,60,0
8.0,4.0,3.0,88.55,60,1
6.0,3.0,3.0,54.75,720,1
4.0,1.0,2.0,19.95,1380,0
17.0,8.0,2.0,116.25,2130,0
5.0,1.0,2.0,31.2,870,0
6.0,2.0,1.0,24.45,2070,0
15.0,7.0,1.0,84.2,2130,0
7.0,3.0,5.0,91.3,30,1
16.0,7.0,3.0,85.65,1680,0
6.0,1.0,1.0,21.2,1680,0
6.0,2.0,4.0,79.5,30,1
6.0,2.0,0.0,25.55,840,0
3.0,1.0,1.0,20.2,570,0
9.0,4.0,1.0,63.85,1980,0
9.0,4.0,2.0,61.95,510,0
5.0,2.0,0.0,25.75,1560,0
8.0,3.0,3.0,58.2,570,0
16.0,7.0,3.0,85.85,1080,0
6.0,1.0,5.0,70.1,210,1
17.0,7.0,3.0,104.9,2160,0
18.0,7.0,5.0,111.3,2010,1
15.0,5.0,4.0,99.85,1020,0
13.0,5.0,4.0,95.25,1710,1
8.0,3.0,3.0,86.25,210,1
11.0,5.0,3.0,100.8,30,1
5.0,1.0,2.0,19.55,240,0
14.0,6.0,1.0,104.0,2070,0
12.0,6.0,4.0,104.4,1500,0
6.0,1.0,1.0,19.5,300,0
7.0,2.0,0.0,25.25,360,0
8.0,3.0,3.0,86.3,420,1
8.0,4.0,1.0,49.85,2100,0
15.0,7.0,2.0,108.95,1920,0
22.0,8.0,1.0,89.9,1980,0
13.0,6.0,1.0,82.0,2130,0
9.0,3.0,4.0,89.95,600,0
14.0,6.0,0.0,79.35,2160,0
14.0,5.0,1.0,64.05,2130,0
10.0,5.0,6.0,101.15,1140,0
10.0,4.0,3.0,89.95,840,1
7.0,2.0,3.0,76.45,510,1
5.0,2.0,2.0,39.1,990,0
4.0,2.0,1.0,34.6,690,0
3.0,1.0,0.0,19.55,1740,0
16.0,6.0,3.0,104.45,2100,0
4.0,1.0,3.0,70.5,120,0
3.0,1.0,0.0,20.35,1350,0
3.0,1.0,3.0,70.0,300,1
4.0,1.0,0.0,19.45,1080,0
11.0,5.0,1.0,69.9,1620,0
11.0,4.0,0.0,59.7,690,0
16.0,6.0,5.0,78.35,1230,0
4.0,1.0,4.0,71.45,150,0
8.0,3.0,2.0,45.85,810,0
12.0,4.0,1.0,95.85,30,0
5.0,2.0,2.0,35.7,2010,0
17.0,8.0,1.0,89.55,2160,0
6.0,2.0,0.0,24.95,1680,0
5.0,2.0,0.0,24.85,1320,0
11.0,5.0,3.0,100.8,1980,0
13.0,5.0,0.0,64.4,1020,1
17.0,6.0,4.0,105.35,2070,0
15.0,6.0,4.0,102.45,30,1
3.0,1.0,0.0,19.65,1200,0
8.0,3.0,2.0,54.45,900,0
14.0,4.0,2.0,70.5,330,0
3.0,1.0,2.0,20.1,450,0
10.0,4.0,2.0,69.35,330,0
6.0,1.0,0.0,19.8,1920,0
15.0,6.0,2.0,74.4,2160,0
14.0,6.0,3.0,93.05,2160,0
4.0,2.0,3.0,51.2,30,0
15.0,5.0,1.0,65.6,450,0
12.0,6.0,1.0,80.55,1800,0
7.0,3.0,3.0,52.7,1680,0
4.0,1.0,3.0,20.85,240,0
8.0,3.0,1.0,80.1,90,1
8.0,2.0,3.0,52.15,1470,0
7.0,2.0,4.0,80.2,60,1
14.0,6.0,2.0,98.15,180,1
18.0,8.0,2.0,114.95,2100,0
15.0,7.0,2.0,112.95,360,1
13.0,6.0,1.0,104.45,1560,0
17.0,8.0,1.0,113.65,2160,0
8.0,1.0,4.0,20.6,1200,0
2.0,1.0,3.0,70.9,30,1
9.0,3.0,4.0,86.85,90,1
10.0,3.0,4.0,91.55,1200,0
7.0,2.0,3.0,49.85,30,0
5.0,1.0,0.0,19.8,900,0
10.0,5.0,2.0,99.85,690,1
4.0,2.0,4.0,74.5,30,1
14.0,6.0,2.0,104.15,1320,0
16.0,7.0,1.0,109.15,1950,1
4.0,2.0,4.0,48.2,210,0
5.0,2.0,2.0,25.1,2160,0
10.0,5.0,3.0,100.15,240,0
14.0,4.0,2.0,65.2,480,1
12.0,5.0,3.0,99.5,1980,1
7.0,1.0,4.0,71.55,30,1
10.0,3.0,3.0,55.9,90,0
11.0,5.0,3.0,93.9,1590,1
12.0,4.0,1.0,64.4,240,0
18.0,7.0,2.0,108.4,2070,1
8.0,3.0,5.0,85.3,150,0
15.0,7.0,2.0,107.45,2160,0
8.0,3.0,3.0,48.75,390,1
8.0,3.0,4.0,85.65,120,1
18.0,8.0,1.0,91.3,1620,0
18.0,7.0,0.0,85.95,2160,0
12.0,6.0,6.0,106.7,360,1
1.0,0.0,3.0,25.15,30,1
3.0,1.0,5.0,45.2,30,0
16.0,7.0,1.0,110.35,1620,1
9.0,3.0,3.0,79.2,2070,0
6.0,3.0,2.0,55.5,1440,0
13.0,6.0,3.0,103.25,1440,1
9.0,4.0,2.0,90.25,240,0
16.0,8.0,1.0,91.25,2130,0
5.0,2.0,2.0,47.8,60,1
12.0,5.0,3.0,100.9,2010,0
11.0,5.0,3.0,97.7,1020,0
4.0,1.0,4.0,69.85,90,0
11.0,4.0,0.0,65.6,270,0
15.0,6.0,4.0,104.65,2130,0
10.0,4.0,1.0,90.45,1710,0
14.0,6.0,2.0,63.7,2160,0
12.0,6.0,2.0,104.5,1440,0
3.0,1.0,0.0,20.1,540,0
13.0,6.0,3.0,104.3,1290,0
18.0,8.0,4.0,93.25,2160,0
16.0,5.0,0.0,73.45,1050,0
3.0,1.0,1.0,20.7,120,0
5.0,2.0,0.0,25.25,1470,0
15.0,6.0,4.0,100.5,2130,0
10.0,3.0,3.0,90.6,330,0
17.0,8.0,0.0,89.4,1890,0
12.0,5.0,5.0,95.45,1950,0
4.0,1.0,0.0,20.45,1470,0
11.0,5.0,5.0,98.6,870,1
9.0,4.0,2.0,83.05,450,1
2.0,1.0,3.0,19.95,120,0
15.0,7.0,5.0,109.15,2160,0
8.0,3.0,3.0,85.7,780,0
13.0,5.0,5.0,102.05,1050,0
12.0,5.0,1.0,94.7,1710,0
13.0,4.0,3.0,64.4,840,0
5.0,2.0,1.0,26.8,750,0
9.0,4.0,3.0,66.05,1410,0
11.0,5.0,1.0,65.2,1710,0
9.0,3.0,3.0,85.05,480,0
8.0,3.0,4.0,55.8,150,0
2.0,1.0,6.0,70.4,510,1
14.0,6.0,4.0,104.75,1680,1
4.0,1.0,0.0,19.95,2160,0
9.0,4.0,3.0,94.25,630,1
6.0,3.0,3.0,45.0,1440,0
17.0,8.0,1.0,114.9,2040,0
15.0,6.0,1.0,106.4,900,0
3.0,1.0,4.0,46.1,90,0
11.0,3.0,3.0,39.7,420,0
4.0,1.0,3.0,20.05,120,0
13.0,5.0,4.0,95.75,2130,0
6.0,2.0,1.0,24.4,240,0
4.0,2.0,2.0,33.6,1830,0
11.0,5.0,3.0,90.45,2160,0
7.0,3.0,4.0,84.0,150,0
13.0,5.0,4.0,67.4,1470,0
6.0,1.0,1.0,19.7,240,0
6.0,2.0,5.0,80.35,90,0
5.0,1.0,0.0,19.6,270,0
6.0,3.0,3.0,54.2,2010,0
2.0,1.0,2.0,45.2,1380,0
13.0,6.0,3.0,75.1,2010,0
4.0,1.0,1.0,19.7,1650,0
14.0,6.0,2.0,72.75,990,0
4.0,1.0,2.0,20.05,1860,0
4.0,1.0,4.0,45.95,30,1
4.0,2.0,4.0,39.2,1470,0
4.0,1.0,3.0,44.75,30,0
9.0,4.0,6.0,82.65,420,0
10.0,5.0,3.0,93.9,540,0
3.0,1.0,4.0,70.15,30,1
7.0,3.0,3.0,85.55,30,1
16.0,8.0,4.0,117.15,2160,0
14.0,6.0,1.0,99.25,1920,0
18.0,8.0,2.0,112.55,2070,0
6.0,2.0,1.0,25.7,30,0
18.0,8.0,0.0,90.3,2130,0
4.0,2.0,0.0,49.4,1980,0
5.0,1.0,2.0,19.4,60,0
14.0,7.0,1.0,109.7,2130,0
8.0,3.0,2.0,61.25,330,0
6.0,3.0,3.0,55.3,1410,0
6.0,1.0,5.0,70.3,1050,1
12.0,6.0,3.0,106.35,960,1
17.0,6.0,2.0,103.75,1800,0
6.0,1.0,0.0,19.5,330,0
6.0,3.0,2.0,39.5,870,0
0.0,0.0,3.0,26.05,630,0
10.0,4.0,3.0,91.05,1440,0
5.0,1.0,4.0,29.65,90,0
5.0,2.0,3.0,50.2,1290,0
13.0,6.0,5.0,105.3,150,0
6.0,2.0,4.0,55.45,30,0
18.0,7.0,1.0,85.45,2130,0
3.0,1.0,0.0,19.8,240,0
7.0,3.0,2.0,59.25,240,0
8.0,4.0,4.0,90.7,600,0
13.0,6.0,3.0,103.7,990,1
6.0,3.0,6.0,79.05,2130,0
9.0,4.0,3.0,90.7,930,0
12.0,5.0,3.0,95.0,1140,0
9.0,3.0,5.0,88.35,30,1
3.0,1.0,2.0,30.25,60,0
10.0,3.0,3.0,49.85,360,0
13.0,5.0,2.0,93.0,270,0
8.0,3.0,1.0,54.55,330,0
3.0,1.0,0.0,19.7,180,0
17.0,7.0,1.0,84.8,2130,0
13.0,5.0,3.0,94.45,1260,0
10.0,4.0,3.0,94.2,240,1
9.0,4.0,3.0,96.25,150,1
4.0,1.0,4.0,70.7,60,1
4.0,1.0,0.0,20.85,1350,0
14.0,5.0,1.0,60.0,840,0
7.0,3.0,6.0,80.45,1290,0
14.0,7.0,1.0,84.95,1800,0
11.0,2.0,3.0,33.55,1260,1
9.0,4.0,0.0,49.65,210,0
4.0,1.0,3.0,20.2,750,0
9.0,4.0,4.0,94.55,1200,1
17.0,5.0,3.0,100.5,810,0
5.0,2.0,1.0,35.75,300,0
12.0,4.0,4.0,86.45,810,0
6.0,3.0,1.0,53.8,330,0
5.0,2.0,2.0,38.55,120,0
7.0,2.0,2.0,39.9,2040,0
7.0,1.0,3.0,70.05,30,0
5.0,1.0,0.0,20.1,540,0
15.0,7.0,3.0,112.95,1710,1
3.0,1.0,1.0,20.3,780,0
7.0,2.0,3.0,35.65,510,0
3.0,1.0,5.0,35.9,30,1
13.0,5.0,3.0,99.25,1140,1
10.0,4.0,4.0,82.95,1770,0
6.0,3.0,2.0,55.65,900,0
0.0,0.0,2.0,24.45,60,1
6.0,2.0,0.0,25.2,1500,0
11.0,4.0,0.0,50.8,270,0
3.0,1.0,1.0,19.65,90,0
8.0,3.0,3.0,59.8,420,0
5.0,2.0,3.0,73.55,930,0
9.0,4.0,3.0,61.4,210,0
13.0,6.0,3.0,103.35,240,1
5.0,1.0,1.0,19.9,510,0
3.0,1.0,1.0,19.45,960,0
8.0,2.0,4.0,81.5,60,0
9.0,3.0,6.0,84.8,210,1
18.0,7.0,5.0,109.55,2160,0
12.0,5.0,3.0,99.95,930,1
5.0,2.0,3.0,74.4,810,0
9.0,4.0,4.0,90.0,540,1
6.0,2.0,4.0,74.9,210,0
14.0,6.0,4.0,104.85,420,1
8.0,3.0,2.0,59.65,330,0
18.0,7.0,3.0,110.45,2160,0
13.0,6.0,4.0,106.1,840,1
6.0,2.0,4.0,74.2,450,1
5.0,2.0,4.0,74.45,120,0
5.0,2.0,0.0,24.55,2130,0
11.0,4.0,1.0,89.35,150,1
5.0,2.0,2.0,24.55,1410,0
12.0,4.0,3.0,90.65,1710,0
14.0,6.0,3.0,105.05,1500,0
2.0,1.0,2.0,20.45,240,0
7.0,1.0,1.0,19.55,1440,0
5.0,1.0,2.0,19.7,2100,0
12.0,5.0,0.0,70.45,30,0
6.0,3.0,4.0,85.65,240,0
4.0,2.0,3.0,77.15,30,1
6.0,1.0,7.0,35.25,30,1
3.0,1.0,0.0,20.55,1800,0
11.0,5.0,1.0,97.95,1470,0
7.0,3.0,3.0,48.55,120,1
6.0,1.0,0.0,20.0,870,0
5.0,2.0,2.0,25.25,2010,0
16.0,5.0,3.0,98.4,1590,1
15.0,6.0,0.0,70.9,2010,0
2.0,1.0,0.0,19.85,180,0
13.0,6.0,3.0,106.35,1410,0
15.0,6.0,3.0,99.5,1590,0
16.0,7.0,0.0,84.7,2070,0
8.0,3.0,4.0,86.05,90,0
4.0,1.0,4.0,44.55,120,0
13.0,6.0,0.0,75.85,1680,0
9.0,4.0,4.0,93.85,1770,1
6.0,2.0,1.0,25.0,1830,0
3.0,1.0,3.0,45.0,60,0
14.0,6.0,3.0,100.7,1380,1
4.0,1.0,1.0,20.5,360,0
8.0,3.0,4.0,80.45,420,1
10.0,4.0,1.0,90.45,840,0
11.0,4.0,0.0,60.45,720,0
7.0,3.0,0.0,55.25,930,1
20.0,7.0,1.0,78.45,2040,0
12.0,5.0,2.0,100.55,1170,0
3.0,1.0,0.0,20.35,1260,0
8.0,4.0,1.0,54.45,390,1
10.0,4.0,4.0,90.75,180,0
5.0,2.0,5.0,75.35,1050,1
3.0,1.0,1.0,20.25,1140,0
3.0,1.0,0.0,20.05,540,0
3.0,1.0,0.0,19.6,120,0
8.0,3.0,1.0,53.8,810,0
10.0,5.0,3.0,70.2,1230,0
11.0,5.0,0.0,75.5,1500,0
5.0,1.0,4.0,20.35,2160,0
5.0,2.0,0.0,26.05,2100,0
4.0,1.0,1.0,20.6,1320,0
5.0,2.0,5.0,75.7,60,1
2.0,1.0,0.0,20.1,1020,0
7.0,2.0,2.0,24.3,2160,0
5.0,2.0,0.0,24.5,2130,0
21.0,7.0,4.0,110.5,1920,0
7.0,2.0,0.0,25.25,2160,0
4.0,2.0,5.0,74.25,30,1
11.0,4.0,6.0,90.1,870,0
13.0,5.0,2.0,68.75,690,0
5.0,1.0,0.0,19.2,1560,0
8.0,4.0,4.0,89.7,750,1
16.0,8.0,2.0,115.1,1920,0
9.0,4.0,3.0,96.4,480,1
4.0,1.0,4.0,69.5,30,1
11.0,5.0,5.0,99.65,720,0
15.0,4.0,3.0,91.45,60,0
15.0,7.0,1.0,84.75,1020,0
6.0,3.0,3.0,85.25,1080,1
14.0,6.0,3.0,78.75,1590,0
5.0,1.0,2.0,20.25,1410,0
5.0,1.0,1.0,19.9,2160,0
14.0,6.0,2.0,97.75,2160,0
4.0,1.0,0.0,19.4,30,1
7.0,3.0,3.0,83.3,270,1
5.0,2.0,3.0,80.1,240,1
10.0,4.0,3.0,62.7,1350,1
11.0,5.0,3.0,100.4,210,0
5.0,2.0,0.0,24.45,2130,0
13.0,5.0,3.0,101.1,1230,0
8.0,3.0,5.0,50.9,2010,0
16.0,7.0,2.0,107.2,2070,0
17.0,8.0,1.0,92.2,2100,0
6.0,2.0,0.0,25.3,750,1
19.0,8.0,3.0,113.4,2160,0
5.0,2.0,2.0,40.55,1020,0
7.0,2.0,1.0,26.0,1950,0
19.0,8.0,3.0,111.95,2100,0
10.0,4.0,3.0,53.8,2160,0
11.0,4.0,2.0,72.1,1050,0
16.0,5.0,3.0,98.15,390,1
15.0,6.0,2.0,78.85,360,0
11.0,5.0,0.0,70.75,1860,0
12.0,5.0,0.0,76.15,750,0
8.0,3.0,2.0,39.1,1560,0
4.0,1.0,5.0,69.95,240,0
5.0,1.0,2.0,20.05,60,0
4.0,1.0,0.0,20.05,1680,0
7.0,1.0,1.0,19.45,360,0
6.0,2.0,0.0,26.9,1410,0
2.0,1.0,1.0,19.2,60,0
4.0,2.0,3.0,50.0,540,0
7.0,3.0,3.0,60.0,240,0
11.0,4.0,7.0,84.55,1350,0
3.0,1.0,2.0,45.45,90,0
3.0,1.0,2.0,20.05,1140,0
18.0,8.0,2.0,115.55,2160,0
11.0,5.0,3.0,93.7,1380,1
14.0,6.0,4.0,99.0,2130,0
9.0,3.0,1.0,50.55,1980,0
17.0,6.0,3.0,105.95,750,1
15.0,6.0,1.0,82.0,540,1
5.0,2.0,1.0,25.0,390,0
19.0,8.0,1.0,91.55,1950,0
10.0,5.0,6.0,95.75,1800,1
7.0,1.0,1.0,19.35,450,0
7.0,2.0,1.0,24.85,2160,0
9.0,4.0,4.0,94.05,900,1
13.0,5.0,3.0,100.4,1260,0
4.0,2.0,0.0,25.0,2130,0
8.0,2.0,4.0,54.75,30,1
10.0,4.0,3.0,95.65,1170,1
2.0,1.0,1.0,19.25,1050,0
12.0,6.0,1.0,108.25,1590,0
9.0,4.0,3.0,94.6,30,1
11.0,5.0,2.0,98.9,930,1
3.0,1.0,0.0,20.15,1440,0
10.0,5.0,3.0,101.3,900,0
4.0,1.0,1.0,20.0,300,0
15.0,6.0,3.0,105.3,360,0
12.0,5.0,0.0,69.85,1710,0
9.0,4.0,3.0,65.25,1740,0
5.0,1.0,0.0,19.8,1110,0
3.0,1.0,2.0,19.6,1320,0
7.0,1.0,1.0,20.05,810,0
6.0,2.0,1.0,49.4,240,0
6.0,2.0,4.0,76.05,90,1
12.0,4.0,3.0,88.4,750,0
11.0,5.0,3.0,100.6,1710,0
2.0,1.0,0.0,19.45,360,0
5.0,1.0,0.0,20.3,1860,0
15.0,7.0,6.0,107.65,1950,0
13.0,6.0,0.0,80.45,2130,0
10.0,3.0,3.0,58.85,630,0
16.0,7.0,4.0,109.6,2130,0
5.0,2.0,3.0,75.15,210,0
15.0,6.0,0.0,73.0,2160,0
3.0,1.0,4.0,70.1,30,0
15.0,6.0,3.0,98.65,2160,0
18.0,7.0,2.0,111.45,1920,0
20.0,8.0,1.0,114.9,2160,0
11.0,5.0,5.0,100.55,870,0
6.0,1.0,0.0,20.4,390,0
12.0,6.0,3.0,104.35,930,0
2.0,1.0,4.0,69.75,30,1
4.0,2.0,1.0,34.5,210,1
13.0,6.0,5.0,105.55,1830,1
6.0,1.0,2.0,30.1,1170,1
3.0,1.0,5.0,70.3,300,1
14.0,6.0,3.0,80.45,420,0
7.0,3.0,3.0,80.2,30,1
15.0,5.0,1.0,94.35,2010,1
17.0,8.0,0.0,91.35,2160,0
3.0,1.0,5.0,44.6,180,1
4.0,1.0,0.0,19.6,30,1
4.0,1.0,1.0,19.9,750,0
16.0,7.0,1.0,110.45,990,1
12.0,5.0,1.0,68.35,540,0
13.0,6.0,0.0,79.1,2130,0
6.0,2.0,3.0,51.0,840,0
10.0,3.0,4.0,80.55,60,0
14.0,5.0,0.0,66.7,510,0
12.0,4.0,3.0,86.4,1680,0
12.0,4.0,3.0,50.05,1800,0
5.0,2.0,1.0,25.7,990,0
14.0,4.0,1.0,83.4,30,0
6.0,1.0,4.0,70.7,60,1
10.0,4.0,2.0,84.65,1890,0
11.0,5.0,5.0,99.25,210,1
9.0,4.0,3.0,64.75,1650,0
14.0,6.0,5.0,100.15,1950,0
10.0,3.0,2.0,84.8,30,1
6.0,2.0,0.0,25.25,1890,0
17.0,8.0,4.0,113.0,2100,0
10.0,3.0,2.0,40.65,1080,0
13.0,6.0,2.0,105.0,1560,1
9.0,3.0,2.0,54.45,660,1
16.0,5.0,5.0,94.95,660,0
8.0,4.0,1.0,59.9,150,0
9.0,3.0,4.0,85.3,1410,1
9.0,3.0,4.0,83.35,990,1
6.0,2.0,2.0,33.5,540,1
2.0,1.0,1.0,19.8,30,0
16.0,6.0,1.0,81.8,1680,0
8.0,1.0,1.0,20.0,60,0
11.0,4.0,2.0,59.6,1050,0
7.0,2.0,0.0,25.0,1920,0
9.0,4.0,4.0,84.35,450,0
7.0,3.0,3.0,90.35,720,1
6.0,2.0,3.0,55.55,30,0
12.0,5.0,2.0,75.35,2100,0
8.0,3.0,5.0,90.75,30,1
10.0,4.0,4.0,89.6,120,1
8.0,3.0,1.0,59.3,1170,0
12.0,4.0,4.0,66.1,870,0
4.0,1.0,1.0,18.8,420,0
14.0,7.0,1.0,86.45,1830,0
6.0,2.0,5.0,52.1,390,0
10.0,4.0,2.0,47.4,1980,0
9.0,3.0,4.0,49.25,60,1
16.0,7.0,3.0,109.15,1770,0
13.0,5.0,5.0,94.95,1860,0
12.0,5.0,2.0,93.55,990,0
16.0,6.0,1.0,79.5,1980,0
17.0,8.0,3.0,115.05,2160,0
3.0,1.0,2.0,19.75,30,1
11.0,5.0,5.0,95.15,570,1
11.0,5.0,1.0,95.15,1530,0
14.0,6.0,1.0,105.4,1890,0
5.0,1.0,0.0,20.1,810,0
17.0,5.0,5.0,101.35,660,1
5.0,1.0,0.0,20.05,120,0
4.0,1.0,0.0,20.7,1260,0
4.0,1.0,1.0,20.35,870,0
4.0,1.0,5.0,70.05,120,1
3.0,1.0,2.0,19.7,900,0
5.0,2.0,4.0,74.65,120,1
17.0,7.0,0.0,85.45,2130,0
9.0,3.0,1.0,40.4,1380,0
7.0,2.0,2.0,50.4,120,1
8.0,3.0,3.0,79.65,210,1
16.0,6.0,1.0,105.2,2070,0
14.0,6.0,4.0,100.65,2160,0
8.0,3.0,4.0,79.85,570,1
10.0,4.0,2.0,91.0,840,0
7.0,3.0,4.0,78.75,150,1
18.0,8.0,3.0,116.75,2160,0
4.0,2.0,4.0,80.45,240,1
9.0,3.0,3.0,59.1,210,0
7.0,2.0,3.0,49.8,660,0
5.0,1.0,3.0,19.3,2160,0
5.0,1.0,1.0,19.65,240,0
15.0,7.0,1.0,81.4,1560,0
7.0,3.0,1.0,38.9,2040,0
18.0,8.0,0.0,87.95,2130,0
4.0,1.0,2.0,19.85,60,0
10.0,5.0,2.0,96.35,1020,0
0.0,0.0,2.0,24.15,1050,0
2.0,1.0,1.0,19.1,1830,0
4.0,1.0,2.0,44.0,30,0
5.0,2.0,2.0,50.1,30,1
9.0,3.0,2.0,60.6,1590,0
5.0,2.0,0.0,25.65,2160,0
6.0,2.0,5.0,76.4,60,1
13.0,5.0,3.0,98.7,90,1
11.0,5.0,5.0,100.8,390,1
12.0,4.0,2.0,53.95,1230,0
3.0,1.0,2.0,20.4,720,0
8.0,3.0,3.0,90.1,840,1
3.0,1.0,3.0,29.35,240,0
6.0,1.0,2.0,20.45,30,0
14.0,5.0,2.0,95.1,1620,0
4.0,2.0,1.0,25.25,1230,0
5.0,1.0,5.0,44.9,570,0
17.0,8.0,0.0,92.65,2160,0
10.0,4.0,2.0,43.7,1860,0
10.0,5.0,2.0,72.6,1680,0
6.0,2.0,3.0,51.55,450,1
7.0,2.0,4.0,79.25,300,1
2.0,1.0,1.0,18.95,960,0
6.0,1.0,2.0,20.5,630,0
2.0,1.0,0.0,19.95,1860,0
6.0,0.0,3.0,24.5,60,0
6.0,1.0,0.0,20.6,810,0
15.0,4.0,4.0,94.85,150,1
10.0,5.0,2.0,61.05,750,0
8.0,3.0,4.0,85.7,60,1
12.0,6.0,3.0,106.65,1470,0
15.0,7.0,4.0,108.25,1890,0
4.0,1.0,2.0,20.4,120,0
6.0,2.0,3.0,55.3,30,0
4.0,1.0,0.0,20.25,330,0
5.0,2.0,4.0,72.95,1560,0
12.0,4.0,4.0,89.45,1800,0
14.0,6.0,3.0,104.65,1920,0
13.0,5.0,2.0,75.2,1290,0
12.0,5.0,4.0,101.15,1830,0
5.0,1.0,3.0,44.4,30,1
7.0,3.0,3.0,89.5,150,1
14.0,6.0,1.0,68.75,1980,0
19.0,7.0,1.0,111.05,2010,0
13.0,5.0,2.0,99.0,1260,0
8.0,3.0,3.0,86.05,30,1
2.0,1.0,1.0,21.0,930,0
3.0,1.0,0.0,19.4,210,0
6.0,2.0,2.0,44.55,120,1
14.0,5.0,4.0,77.2,1020,0
3.0,1.0,2.0,19.45,90,0
5.0,0.0,4.0,24.85,570,0
7.0,2.0,0.0,35.4,930,1
10.0,4.0,4.0,95.65,30,1
11.0,3.0,2.0,41.35,90,0
5.0,1.0,1.0,19.6,1380,0
3.0,1.0,2.0,20.95,30,1
10.0,4.0,3.0,84.45,2070,0
5.0,1.0,1.0,20.25,150,0
2.0,1.0,0.0,19.65,30,0
4.0,1.0,0.0,20.65,780,0
5.0,1.0,3.0,34.7,300,1
12.0,5.0,1.0,99.3,750,0
6.0,3.0,3.0,81.05,1920,0
13.0,6.0,0.0,67.6,900,0
3.0,1.0,3.0,70.15,390,0
18.0,8.0,2.0,115.0,1920,0
10.0,4.0,1.0,84.8,1380,0
5.0,1.0,0.0,19.7,360,0
6.0,1.0,2.0,19.75,450,1
10.0,4.0,4.0,92.55,510,1
8.0,4.0,2.0,63.15,390,0
12.0,6.0,0.0,74.0,2010,0
5.0,1.0,2.0,29.1,720,0
6.0,2.0,2.0,50.05,180,0
9.0,4.0,1.0,60.05,1590,1
9.0,2.0,4.0,74.3,480,1
3.0,1.0,0.0,20.0,300,0
7.0,2.0,4.0,74.65,390,0
10.0,3.0,4.0,85.35,270,1
16.0,6.0,2.0,74.3,750,1
12.0,3.0,1.0,44.4,210,0
15.0,7.0,1.0,85.4,1140,0
14.0,5.0,5.0,94.1,1290,0
14.0,5.0,4.0,98.1,120,1
15.0,7.0,3.0,108.9,750,0
7.0,3.0,3.0,56.2,810,0
7.0,2.0,2.0,26.1,2160,0
15.0,4.0,4.0,85.45,2130,0
15.0,4.0,3.0,88.95,720,0
15.0,7.0,1.0,109.65,1500,1
12.0,5.0,3.0,74.35,1710,0
7.0,2.0,2.0,48.85,450,0
8.0,3.0,4.0,80.1,120,0
10.0,3.0,2.0,56.05,840,0
7.0,2.0,4.0,74.55,270,1
8.0,4.0,6.0,89.8,1650,0
11.0,5.0,6.0,100.95,90,1
9.0,4.0,5.0,94.9,300,1
6.0,1.0,1.0,19.1,1650,0
7.0,1.0,1.0,20.35,600,0
14.0,6.0,2.0,106.05,1860,0
14.0,6.0,2.0,104.9,960,1
8.0,1.0,1.0,19.65,1290,0
2.0,0.0,4.0,24.1,270,1
11.0,4.0,0.0,59.85,1800,0
16.0,7.0,2.0,86.1,1740,0
7.0,1.0,2.0,19.45,210,0
8.0,4.0,3.0,97.1,60,0
4.0,2.0,5.0,36.65,1110,0
12.0,6.0,1.0,103.9,1950,0
3.0,1.0,0.0,19.75,1170,0
15.0,6.0,1.0,104.05,1980,1
5.0,2.0,0.0,24.55,2040,0
11.0,4.0,0.0,48.7,1860,0
9.0,4.0,1.0,88.35,90,1
17.0,7.0,4.0,109.55,2160,0
3.0,1.0,2.0,20.65,1230,0
12.0,4.0,3.0,94.65,870,1
7.0,3.0,3.0,55.2,120,0
10.0,2.0,1.0,24.05,1590,0
10.0,2.0,4.0,74.4,30,1
17.0,7.0,0.0,79.9,1230,1
3.0,1.0,1.0,20.45,1170,0
3.0,1.0,5.0,19.25,1890,0
6.0,2.0,2.0,26.35,450,0
4.0,1.0,2.0,43.8,390,0
4.0,2.0,5.0,50.15,30,0
4.0,1.0,0.0,20.45,30,0
3.0,1.0,3.0,69.7,240,1
13.0,4.0,4.0,61.4,1800,0
11.0,5.0,3.0,98.1,360,1
11.0,5.0,1.0,70.75,1200,0
10.0,4.0,4.0,61.15,1980,0
2.0,1.0,1.0,20.25,1260,0
11.0,5.0,1.0,63.85,1980,0
13.0,5.0,4.0,98.7,1470,0
2.0,1.0,2.0,20.5,30,1
6.0,1.0,0.0,20.0,1230,0
3.0,1.0,0.0,19.3,1230,0
8.0,4.0,1.0,84.4,690,0
4.0,0.0,3.0,25.1,90,0
11.0,4.0,3.0,48.25,120,0
3.0,1.0,1.0,19.85,1560,0
13.0,5.0,5.0,99.6,120,1
12.0,5.0,2.0,94.2,330,0
9.0,3.0,3.0,62.15,60,0
7.0,3.0,4.0,79.3,780,0
7.0,3.0,2.0,56.25,720,0
4.0,1.0,3.0,20.3,360,0
11.0,5.0,3.0,99.0,1800,0
22.0,8.0,1.0,90.6,1920,0
17.0,7.0,2.0,85.9,1980,0
11.0,3.0,3.0,79.2,1800,0
11.0,5.0,2.0,70.35,510,0
3.0,1.0,0.0,19.35,1260,0
7.0,2.0,4.0,50.15,30,0
8.0,4.0,0.0,63.8,1410,0
3.0,1.0,2.0,20.55,300,0
16.0,8.0,0.0,88.55,2100,0
12.0,5.0,4.0,101.4,2010,0
6.0,2.0,3.0,81.95,30,1
4.0,1.0,5.0,69.35,210,1
3.0,1.0,4.0,44.6,30,0
9.0,4.0,0.0,63.75,120,0
15.0,7.0,3.0,109.25,1980,0
7.0,3.0,3.0,84.6,360,0
3.0,1.0,3.0,20.45,720,0
6.0,3.0,3.0,85.75,780,0
8.0,3.0,3.0,91.1,180,1
15.0,6.0,3.0,107.95,1710,0
8.0,3.0,6.0,86.1,420,1
10.0,2.0,2.0,22.95,1260,0
10.0,4.0,4.0,94.7,750,1
9.0,1.0,1.0,19.45,1920,0
6.0,3.0,4.0,85.1,660,1
4.0,1.0,1.0,19.7,570,0
12.0,5.0,3.0,99.15,1830,1
10.0,3.0,5.0,87.0,660,0
14.0,6.0,3.0,102.95,2100,1
5.0,2.0,5.0,79.95,360,0
9.0,4.0,0.0,64.0,930,0
12.0,3.0,3.0,64.9,330,0
7.0,2.0,0.0,25.75,2040,0
16.0,8.0,2.0,90.15,2160,0
18.0,8.0,1.0,116.1,2010,0
17.0,6.0,2.0,104.95,1800,0
3.0,1.0,3.0,45.05,30,1
4.0,1.0,3.0,71.0,30,1
8.0,4.0,2.0,50.0,1740,0
5.0,1.0,4.0,70.55,1410,1
5.0,2.0,4.0,79.7,30,1
4.0,1.0,1.0,20.45,30,0
10.0,4.0,4.0,59.0,660,1
11.0,4.0,3.0,60.35,1440,1
5.0,1.0,0.0,19.85,1110,0
3.0,1.0,0.0,19.95,390,0
5.0,2.0,0.0,26.45,1290,0
13.0,6.0,0.0,63.4,180,0
10.0,5.0,0.0,53.95,2130,0
7.0,1.0,3.0,69.25,30,1
12.0,5.0,4.0,95.1,2160,0
6.0,2.0,3.0,74.1,180,0
6.0,2.0,0.0,35.5,360,0
4.0,1.0,4.0,70.95,750,1
7.0,3.0,1.0,79.2,630,0
5.0,2.0,0.0,48.8,180,0
7.0,3.0,5.0,89.0,600,1
10.0,5.0,4.0,99.4,540,1
10.0,3.0,2.0,55.45,1290,0
7.0,2.0,0.0,25.4,1050,0
6.0,2.0,3.0,73.5,30,1
15.0,5.0,5.0,93.5,960,0
16.0,6.0,2.0,63.9,1560,0
9.0,3.0,6.0,64.85,960,0
15.0,6.0,0.0,63.8,2160,0
8.0,3.0,1.0,44.45,1530,0
3.0,1.0,2.0,19.95,2040,0
10.0,3.0,3.0,43.35,240,0
9.0,3.0,3.0,49.65,1470,0
16.0,7.0,3.0,85.1,2160,0
13.0,4.0,5.0,95.5,270,1
11.0,4.0,3.0,92.35,840,1
9.0,4.0,3.0,89.8,1620,0
5.0,2.0,6.0,74.55,330,1
13.0,5.0,2.0,103.05,1500,0
16.0,8.0,2.0,116.0,2070,0
6.0,1.0,3.0,69.9,30,0
11.0,5.0,2.0,95.1,2040,0
7.0,3.0,1.0,40.25,1200,0
6.0,2.0,1.0,25.75,930,0
15.0,6.0,3.0,105.35,990,0
16.0,7.0,2.0,113.6,1650,0
6.0,2.0,2.0,24.0,2040,0
4.0,1.0,0.0,19.4,360,0
15.0,7.0,3.0,86.1,2130,0
13.0,6.0,4.0,102.65,1200,0
13.0,5.0,5.0,92.85,1920,0
10.0,5.0,1.0,97.75,1590,0
10.0,4.0,1.0,83.8,360,1
11.0,4.0,2.0,54.45,1590,1
16.0,6.0,4.0,97.95,2160,0
7.0,1.0,0.0,19.95,1380,0
4.0,2.0,0.0,24.6,1200,0
10.0,4.0,2.0,50.95,360,0
6.0,2.0,3.0,75.6,270,0
7.0,3.0,3.0,80.75,1530,0
8.0,4.0,3.0,90.4,1470,0
11.0,5.0,3.0,99.8,1230,1
11.0,4.0,0.0,60.25,1680,0
3.0,1.0,2.0,20.2,120,0
10.0,4.0,2.0,64.15,600,0
2.0,1.0,1.0,20.25,780,0
14.0,6.0,3.0,105.85,600,1
8.0,2.0,4.0,75.45,210,1
9.0,4.0,3.0,93.85,210,1
12.0,5.0,5.0,99.0,1530,0
8.0,3.0,4.0,80.3,120,0
3.0,1.0,3.0,19.55,30,0
16.0,6.0,3.0,100.75,810,0
11.0,5.0,3.0,100.75,660,1
7.0,3.0,0.0,53.75,360,0
3.0,1.0,0.0,31.0,90,1
7.0,2.0,1.0,25.6,1020,0
11.0,4.0,0.0,58.35,720,0
9.0,3.0,4.0,80.0,1530,1
8.0,2.0,3.0,46.35,420,0
18.0,8.0,4.0,113.75,1770,0
11.0,4.0,4.0,90.4,90,0
14.0,7.0,1.0,109.3,1950,0
4.0,1.0,3.0,70.25,150,1
17.0,8.0,1.0,90.3,1770,0
13.0,6.0,1.0,65.25,2160,0
10.0,5.0,4.0,100.15,1860,1
11.0,5.0,4.0,94.5,840,1
8.0,3.0,0.0,60.65,90,0
8.0,2.0,2.0,24.1,570,0
7.0,1.0,0.0,19.5,30,0
9.0,4.0,3.0,85.95,720,0
8.0,3.0,0.0,53.5,1710,0
6.0,2.0,2.0,25.45,2160,0
4.0,1.0,1.0,20.5,2010,0
2.0,1.0,1.0,20.85,1560,0
19.0,8.0,2.0,89.9,2130,0
6.0,2.0,3.0,26.0,780,0
17.0,8.0,3.0,113.2,1050,0
6.0,1.0,3.0,69.05,1650,0
2.0,1.0,1.0,20.1,990,0
18.0,7.0,4.0,109.65,2160,0
6.0,1.0,2.0,19.2,30,0
3.0,1.0,3.0,33.9,300,1
9.0,4.0,2.0,90.0,1110,0
5.0,2.0,1.0,34.0,360,0
6.0,1.0,1.0,20.4,30,0
6.0,3.0,0.0,38.6,1860,0
2.0,0.0,4.0,25.25,30,0
10.0,4.0,3.0,60.6,540,0
10.0,4.0,3.0,89.95,2070,1
8.0,2.0,5.0,74.75,60,0
6.0,1.0,1.0,20.6,570,0
10.0,3.0,4.0,84.45,360,1
4.0,1.0,1.0,20.4,270,0
16.0,6.0,3.0,81.7,810,0
9.0,3.0,2.0,79.5,810,1
8.0,3.0,3.0,89.15,30,1
6.0,1.0,0.0,20.3,720,0
6.0,2.0,5.0,74.95,420,1
6.0,2.0,4.0,74.4,960,1
3.0,1.0,0.0,20.0,330,0
6.0,2.0,0.0,25.0,30,0
6.0,3.0,4.0,80.45,1140,0
4.0,1.0,0.0,19.75,270,0
11.0,5.0,2.0,65.65,1620,0
9.0,4.0,2.0,71.0,870,0
11.0,4.0,3.0,89.2,1320,0
17.0,7.0,2.0,86.75,1770,0
6.0,2.0,2.0,55.3,90,1
11.0,4.0,2.0,61.5,540,0
6.0,2.0,1.0,25.1,2010,0
8.0,3.0,1.0,55.15,660,1
5.0,2.0,1.0,34.05,990,0
4.0,1.0,2.0,19.95,150,0
2.0,1.0,3.0,19.95,60,0
17.0,8.0,3.0,89.7,2160,0
4.0,1.0,2.0,20.4,270,0
5.0,2.0,1.0,26.3,2010,0
7.0,3.0,3.0,84.95,480,1
5.0,1.0,1.0,20.7,240,0
11.0,4.0,1.0,43.25,150,1
7.0,2.0,3.0,48.35,690,1
6.0,2.0,3.0,79.55,30,1
6.0,1.0,3.0,71.05,1500,1
4.0,1.0,2.0,19.45,510,0
16.0,7.0,4.0,110.8,2040,0
7.0,3.0,4.0,84.5,30,1
3.0,1.0,4.0,69.3,750,0
9.0,4.0,1.0,49.35,2010,0
3.0,1.0,2.0,20.35,960,0
13.0,6.0,4.0,105.6,2010,0
15.0,6.0,2.0,64.45,2160,0
16.0,7.0,3.0,108.6,2130,1
4.0,2.0,3.0,49.9,30,0
4.0,1.0,5.0,30.3,1380,1
3.0,1.0,3.0,30.4,60,1
4.0,1.0,2.0,45.4,30,1
10.0,4.0,3.0,65.65,1440,0
16.0,6.0,1.0,103.3,1830,0
11.0,3.0,4.0,84.15,960,1
3.0,1.0,3.0,44.45,60,0
2.0,1.0,0.0,19.75,90,1
7.0,3.0,1.0,85.4,150,1
20.0,8.0,1.0,89.9,2130,0
8.0,3.0,3.0,55.05,1110,0
13.0,6.0,2.0,104.1,1950,0
13.0,6.0,2.0,106.6,2010,0
8.0,2.0,4.0,75.2,1470,1
12.0,5.0,2.0,70.5,1500,0
3.0,1.0,2.0,19.6,750,0
8.0,3.0,3.0,55.85,510,1
6.0,2.0,2.0,24.05,1920,0
9.0,2.0,5.0,38.1,750,0
15.0,6.0,5.0,106.4,690,1
8.0,2.0,2.0,34.25,720,0
11.0,5.0,5.0,100.05,1110,0
4.0,1.0,4.0,68.65,630,0
4.0,1.0,3.0,45.8,30,0
4.0,2.0,3.0,75.75,300,0
7.0,3.0,5.0,84.4,180,1
10.0,5.0,3.0,96.4,1530,0
5.0,1.0,0.0,20.55,300,0
11.0,4.0,1.0,50.95,180,0
17.0,8.0,0.0,90.5,1410,0
14.0,7.0,1.0,79.4,1830,0
11.0,5.0,2.0,58.75,1560,0
10.0,4.0,2.0,59.45,1050,0
13.0,6.0,4.0,105.7,2130,0
6.0,3.0,2.0,56.25,180,1
8.0,3.0,4.0,53.3,1350,0
11.0,3.0,3.0,85.55,60,1
8.0,4.0,2.0,68.65,120,1
2.0,0.0,3.0,24.3,60,0
7.0,2.0,3.0,77.85,120,1
10.0,4.0,1.0,59.9,1530,0
6.0,2.0,1.0,23.95,1800,0
4.0,1.0,0.0,20.15,270,0
14.0,6.0,4.0,105.35,90,1
13.0,5.0,2.0,95.65,510,0
7.0,3.0,4.0,87.05,240,1
18.0,6.0,1.0,81.0,1380,0
16.0,7.0,1.0,82.45,2040,0
8.0,2.0,3.0,53.5,30,1
3.0,1.0,0.0,20.5,120,0
2.0,0.0,3.0,25.1,30,1
7.0,3.0,0.0,54.4,840,0
8.0,3.0,4.0,58.6,1170,0
7.0,3.0,5.0,84.8,330,0
17.0,5.0,3.0,61.4,2130,0
4.0,1.0,1.0,20.4,60,0
6.0,3.0,3.0,79.65,900,1
3.0,1.0,0.0,20.15,510,0
14.0,5.0,6.0,94.45,1650,0
9.0,3.0,3.0,79.8,1740,0
6.0,3.0,0.0,54.2,150,1
3.0,1.0,0.0,19.45,30,1
4.0,2.0,4.0,74.05,270,0
7.0,2.0,1.0,49.15,780,0
5.0,1.0,0.0,19.4,1500,0
18.0,8.0,1.0,113.65,2160,0
12.0,6.0,3.0,106.0,1290,0
6.0,2.0,2.0,25.95,1680,0
5.0,1.0,0.0,19.1,30,0
13.0,6.0,5.0,103.4,2160,1
15.0,6.0,2.0,100.55,2160,0
12.0,4.0,5.0,95.4,1080,0
14.0,5.0,1.0,75.15,150,0
11.0,4.0,3.0,84.45,390,1
11.0,4.0,3.0,89.15,1320,0
15.0,7.0,1.0,107.9,2100,0
4.0,1.0,2.0,19.5,1320,0
7.0,3.0,4.0,85.95,960,1
6.0,2.0,0.0,24.95,2070,0
10.0,3.0,0.0,59.4,480,1
2.0,1.0,1.0,19.5,2040,0
4.0,1.0,4.0,69.95,480,0
14.0,6.0,1.0,82.85,2040,0
5.0,1.0,0.0,19.0,120,0
7.0,3.0,0.0,38.85,780,0
3.0,1.0,3.0,30.6,870,1
6.0,1.0,2.0,20.35,150,0
15.0,5.0,4.0,95.0,2100,0
12.0,5.0,0.0,74.4,720,0
15.0,7.0,0.0,78.45,2160,0
6.0,2.0,2.0,74.3,30,0
11.0,4.0,0.0,51.05,2100,0
4.0,1.0,1.0,19.2,1080,0
14.0,5.0,3.0,99.55,1140,1
5.0,1.0,3.0,70.0,510,1
17.0,7.0,1.0,109.1,1230,0
4.0,1.0,4.0,45.3,30,1
6.0,1.0,2.0,29.85,60,1
8.0,2.0,3.0,76.45,420,0
12.0,5.0,2.0,95.1,60,1
4.0,1.0,0.0,19.8,30,1
12.0,6.0,1.0,72.8,390,0
3.0,1.0,2.0,18.95,180,0
6.0,2.0,4.0,76.65,120,1
11.0,5.0,1.0,99.15,150,1
14.0,5.0,4.0,101.75,450,0
4.0,2.0,4.0,75.45,1410,0
10.0,4.0,1.0,64.1,240,0
2.0,0.0,4.0,25.65,510,0
8.0,2.0,3.0,75.1,450,0
11.0,5.0,2.0,95.85,780,0
10.0,3.0,4.0,54.4,690,0
6.0,2.0,3.0,72.75,120,0
5.0,1.0,0.0,19.85,870,0
4.0,1.0,1.0,19.05,750,0
3.0,1.0,4.0,44.95,270,1
5.0,2.0,4.0,49.55,540,1
12.0,4.0,3.0,94.85,90,0
10.0,4.0,1.0,46.25,2070,0
3.0,1.0,2.0,19.35,420,0
11.0,4.0,4.0,69.6,570,0
11.0,4.0,5.0,90.7,1170,0
10.0,5.0,4.0,101.4,930,0
7.0,1.0,2.0,20.25,720,0
4.0,2.0,1.0,48.8,420,0
17.0,6.0,0.0,74.35,1920,0
3.0,1.0,0.0,19.35,1500,0
12.0,5.0,1.0,68.75,1560,0
14.0,5.0,5.0,100.2,840,0
3.0,1.0,0.0,20.85,630,0
9.0,4.0,3.0,95.9,750,1
4.0,1.0,1.0,19.35,510,0
9.0,2.0,6.0,45.0,1740,0
7.0,2.0,3.0,81.5,510,1
8.0,2.0,1.0,25.5,1530,0
9.0,4.0,1.0,48.9,2160,0
7.0,3.0,4.0,84.1,1560,1
8.0,1.0,1.0,19.6,810,0
3.0,1.0,0.0,20.0,90,0
15.0,7.0,1.0,81.3,1920,0
10.0,4.0,3.0,95.2,1350,0
4.0,1.0,3.0,36.45,90,1
16.0,7.0,2.0,83.3,2130,0
1.0,0.0,4.0,25.05,30,1
8.0,1.0,2.0,20.3,1740,0
10.0,4.0,5.0,89.85,1020,0
5.0,2.0,2.0,49.85,240,1
3.0,1.0,1.0,19.8,450,0
12.0,4.0,1.0,54.65,1980,0
4.0,1.0,4.0,29.35,360,0
3.0,1.0,1.0,19.15,1740,0
2.0,1.0,0.0,19.1,90,0
9.0,4.0,4.0,55.55,1290,1
7.0,3.0,4.0,80.55,270,0
4.0,1.0,0.0,20.25,90,0
12.0,4.0,2.0,69.5,660,1
13.0,6.0,6.0,106.0,1200,0
7.0,2.0,0.0,25.5,2040,0
14.0,6.0,4.0,104.3,1620,1
14.0,6.0,1.0,79.6,1500,0
8.0,2.0,2.0,55.25,30,0
17.0,8.0,0.0,88.05,2160,0
3.0,1.0,2.0,20.4,1200,0
18.0,8.0,1.0,117.6,2160,0
4.0,1.0,0.0,20.0,180,0
5.0,1.0,2.0,19.65,150,0
11.0,5.0,2.0,70.55,1440,0
11.0,4.0,4.0,93.85,30,1
9.0,4.0,0.0,65.8,1920,0
3.0,1.0,1.0,20.05,510,0
9.0,3.0,3.0,80.0,1200,0
6.0,2.0,4.0,35.4,1230,0
11.0,3.0,4.0,79.6,1530,0
6.0,3.0,3.0,80.25,1230,0
10.0,2.0,5.0,50.45,30,1
3.0,1.0,1.0,20.45,60,0
8.0,3.0,6.0,79.6,2040,0
8.0,2.0,2.0,24.7,720,0
15.0,6.0,0.0,77.3,2100,0
5.0,1.0,1.0,29.75,90,0
3.0,1.0,3.0,44.9,60,0
4.0,1.0,3.0,29.8,90,0
14.0,5.0,0.0,74.65,210,1
8.0,4.0,4.0,71.95,390,0
4.0,1.0,0.0,20.75,210,0
6.0,2.0,4.0,56.3,360,0
13.0,6.0,3.0,105.25,1590,0
9.0,4.0,7.0,94.2,360,1
6.0,1.0,1.0,19.55,1890,0
17.0,7.0,0.0,84.45,450,0
10.0,3.0,3.0,53.65,1080,0
4.0,1.0,4.0,29.9,120,0
5.0,1.0,1.0,19.7,720,0
10.0,4.0,1.0,43.7,1830,0
9.0,3.0,4.0,55.3,480,0
5.0,1.0,1.0,19.85,1950,0
2.0,1.0,2.0,19.65,780,0
5.0,2.0,1.0,49.45,480,0
15.0,6.0,4.0,106.55,1620,1
4.0,1.0,1.0,20.1,30,1
3.0,1.0,0.0,20.45,150,0
5.0,2.0,4.0,39.7,570,0
7.0,3.0,2.0,54.5,300,0
10.0,4.0,2.0,83.8,690,1
7.0,2.0,2.0,55.15,90,1
15.0,7.0,2.0,111.6,2160,0
6.0,3.0,5.0,86.65,300,1
7.0,3.0,4.0,55.55,300,0
3.0,1.0,0.0,20.55,330,0
13.0,6.0,4.0,106.75,1110,1
10.0,4.0,2.0,62.1,510,0
13.0,6.0,6.0,104.5,1080,0
13.0,5.0,5.0,101.8,510,0
14.0,7.0,2.0,110.6,1980,0
21.0,7.0,0.0,84.9,1830,0
10.0,4.0,4.0,93.2,660,0
1.0,0.0,2.0,24.4,30,0
5.0,1.0,4.0,70.55,180,0
7.0,3.0,2.0,78.45,930,1
16.0,7.0,2.0,85.0,2040,0
8.0,4.0,6.0,87.45,1020,1
11.0,4.0,1.0,85.8,1560,0
10.0,4.0,2.0,91.1,300,0
6.0,1.0,4.0,70.75,870,1
2.0,1.0,0.0,20.1,2160,0
5.0,1.0,0.0,20.05,1410,0
11.0,5.0,2.0,74.8,720,0
6.0,2.0,2.0,24.8,1950,0
11.0,5.0,2.0,100.85,120,0
12.0,5.0,4.0,101.35,360,1
9.0,3.0,7.0,81.7,30,1
5.0,1.0,6.0,68.25,990,1
16.0,6.0,1.0,105.1,1020,0
3.0,1.0,1.0,20.4,420,0
6.0,2.0,4.0,79.15,120,1
4.0,1.0,1.0,20.0,390,0
14.0,6.0,0.0,79.4,1950,0
7.0,3.0,2.0,57.2,690,0
11.0,4.0,3.0,58.6,1650,0
10.0,4.0,4.0,94.8,1470,0
15.0,6.0,4.0,102.5,1800,0
3.0,1.0,1.0,20.35,2070,0
6.0,3.0,4.0,84.9,1200,0
11.0,5.0,0.0,69.2,2010,0
8.0,4.0,4.0,95.45,1050,1
13.0,5.0,1.0,100.95,570,1
5.0,1.0,1.0,20.85,390,0
9.0,4.0,3.0,88.5,1230,0
5.0,2.0,6.0,35.0,120,0
7.0,3.0,0.0,55.15,720,0
7.0,3.0,5.0,50.95,150,0
10.0,4.0,2.0,64.0,150,0
2.0,1.0,6.0,69.1,30,1
15.0,7.0,0.0,80.2,2160,0
8.0,2.0,2.0,49.3,720,0
15.0,7.0,1.0,84.35,1260,0
6.0,1.0,0.0,20.05,120,0
17.0,8.0,2.0,117.2,2040,0
3.0,1.0,1.0,20.1,990,0
3.0,1.0,7.0,69.6,30,1
13.0,6.0,3.0,103.45,930,1
7.0,3.0,3.0,77.95,120,1
14.0,7.0,3.0,109.95,2070,0
10.0,4.0,4.0,94.75,1140,0
6.0,3.0,3.0,80.0,90,0
15.0,6.0,1.0,79.65,1440,0
5.0,2.0,1.0,25.2,450,0
6.0,1.0,0.0,19.9,750,0
5.0,2.0,4.0,78.45,30,1
8.0,3.0,3.0,44.8,1440,0
6.0,1.0,0.0,20.3,30,0
2.0,1.0,2.0,19.2,30,0
8.0,3.0,3.0,80.05,1110,0
16.0,7.0,3.0,107.35,1980,0
9.0,4.0,2.0,47.85,780,0
13.0,5.0,0.0,70.8,1890,0
5.0,1.0,3.0,29.5,300,1
10.0,4.0,2.0,70.75,60,1
10.0,3.0,4.0,59.1,540,0
5.0,2.0,1.0,25.55,1920,0
8.0,3.0,3.0,84.45,270,1
6.0,1.0,0.0,20.25,840,0
5.0,2.0,4.0,75.55,30,0
8.0,3.0,5.0,85.65,120,1
10.0,5.0,1.0,70.15,1140,1
10.0,5.0,6.0,95.3,1980,0
4.0,1.0,4.0,70.25,30,0
7.0,2.0,1.0,50.3,540,0
10.0,5.0,3.0,97.8,1530,1
7.0,1.0,1.0,19.85,0,0
3.0,1.0,2.0,46.3,30,1
7.0,1.0,1.0,19.35,360,0
14.0,6.0,4.0,106.3,1230,1
9.0,2.0,0.0,25.0,360,0
4.0,1.0,0.0,20.3,1650,0
6.0,2.0,5.0,75.35,210,0
13.0,4.0,2.0,89.4,360,1
16.0,8.0,2.0,88.0,2040,0
10.0,3.0,3.0,83.15,150,1
4.0,1.0,4.0,43.8,1470,0
14.0,5.0,4.0,62.05,1200,0
3.0,1.0,0.0,20.1,480,0
8.0,2.0,3.0,74.15,300,1
15.0,6.0,4.0,101.35,2160,0
12.0,3.0,4.0,84.05,60,0
3.0,1.0,1.0,20.9,690,0
14.0,6.0,4.0,105.9,2130,0
11.0,5.0,5.0,99.5,330,1
3.0,1.0,4.0,44.15,30,1
9.0,3.0,1.0,53.9,480,1
9.0,3.0,3.0,85.45,30,1
7.0,3.0,4.0,85.05,360,0
8.0,3.0,1.0,44.1,1620,0
13.0,5.0,3.0,90.2,2040,0
9.0,2.0,3.0,50.85,120,1
6.0,3.0,4.0,59.2,30,1
7.0,3.0,0.0,53.45,810,0
4.0,1.0,2.0,19.95,630,0
11.0,3.0,5.0,83.2,390,1
14.0,6.0,1.0,74.65,1920,0
7.0,3.0,2.0,54.9,30,1
13.0,5.0,0.0,57.5,1710,0
13.0,6.0,4.0,103.9,630,1
2.0,1.0,0.0,19.65,570,0
10.0,4.0,3.0,93.8,930,0
18.0,8.0,0.0,89.25,1560,0
12.0,5.0,4.0,94.15,1380,0
7.0,3.0,2.0,55.6,330,0
10.0,4.0,5.0,48.7,1590,0
5.0,1.0,1.0,19.25,330,1
16.0,6.0,1.0,104.9,1710,0
5.0,2.0,3.0,75.45,60,1
6.0,3.0,3.0,54.85,60,1
5.0,1.0,0.0,19.9,2130,0
4.0,1.0,0.0,19.4,30,0
5.0,2.0,2.0,25.05,2040,0
15.0,7.0,1.0,84.45,2160,0
2.0,1.0,1.0,19.3,60,0
11.0,4.0,4.0,95.1,30,1
16.0,6.0,1.0,79.85,1230,0
6.0,2.0,1.0,25.55,2160,0
6.0,2.0,4.0,75.5,180,1
6.0,2.0,4.0,73.75,120,1
12.0,4.0,5.0,96.05,360,1
13.0,5.0,2.0,68.4,1740,0
4.0,1.0,1.0,20.65,210,0
7.0,3.0,4.0,55.15,1950,0
2.0,1.0,3.0,70.6,30,0
3.0,1.0,2.0,19.95,1680,0
4.0,1.0,1.0,19.0,120,0
4.0,1.0,3.0,44.1,1740,0
15.0,6.0,1.0,107.6,1860,0
9.0,4.0,5.0,61.55,780,0
10.0,5.0,3.0,90.7,1860,0
11.0,5.0,4.0,99.25,1740,0
19.0,8.0,0.0,91.7,2040,0
16.0,6.0,4.0,100.7,1830,0
12.0,6.0,1.0,78.45,1260,0
9.0,3.0,4.0,84.3,540,0
10.0,1.0,0.0,19.55,1680,0
9.0,4.0,3.0,88.95,120,1
3.0,1.0,2.0,20.45,120,0
7.0,3.0,2.0,55.6,1050,0
9.0,4.0,2.0,86.8,1920,0
3.0,1.0,0.0,20.95,930,0
8.0,1.0,2.0,20.05,2010,0
6.0,2.0,2.0,50.7,120,1
19.0,8.0,2.0,113.65,2100,0
7.0,2.0,2.0,53.4,90,1
15.0,5.0,5.0,101.9,1590,1
10.0,4.0,2.0,59.5,60,0
7.0,3.0,5.0,87.8,870,0
7.0,3.0,1.0,41.9,1410,0
8.0,3.0,3.0,83.0,2040,1
10.0,4.0,2.0,69.85,360,0
7.0,3.0,2.0,56.3,240,0
14.0,7.0,4.0,109.55,1620,0
8.0,4.0,1.0,92.15,2070,0
11.0,5.0,2.0,69.5,780,0
14.0,6.0,1.0,97.0,2160,0
10.0,5.0,0.0,58.35,2100,0
6.0,2.0,5.0,50.6,30,1
7.0,3.0,4.0,89.5,300,1
3.0,1.0,3.0,70.4,840,0
4.0,1.0,5.0,69.8,30,1
11.0,4.0,4.0,94.3,630,0
13.0,5.0,4.0,93.8,1530,1
2.0,1.0,1.0,19.55,1590,0
14.0,5.0,3.0,95.95,1590,0
12.0,5.0,4.0,101.05,720,1
19.0,8.0,0.0,94.8,2100,0
16.0,7.0,8.0,107.75,1830,0
9.0,3.0,1.0,54.6,330,0
5.0,1.0,4.0,71.3,60,0
2.0,1.0,1.0,19.5,750,0
6.0,3.0,3.0,56.3,1230,0
9.0,4.0,3.0,94.7,540,1
15.0,6.0,4.0,104.15,2160,1
18.0,8.0,0.0,90.55,2130,0
11.0,4.0,2.0,60.8,1020,0
10.0,5.0,2.0,98.8,870,0
16.0,6.0,3.0,98.15,1200,0
5.0,2.0,2.0,35.35,1080,0
13.0,6.0,1.0,103.15,1380,0
19.0,7.0,4.0,107.75,1740,0
10.0,3.0,3.0,81.4,1170,0
6.0,3.0,2.0,61.45,120,1
12.0,5.0,3.0,95.7,1560,0
15.0,6.0,6.0,104.8,2100,0
3.0,1.0,6.0,70.95,1950,0
3.0,1.0,3.0,44.95,30,0
13.0,5.0,3.0,97.65,2100,0
7.0,2.0,3.0,35.65,870,0
8.0,3.0,4.0,90.55,30,1
14.0,7.0,3.0,85.25,2010,0
5.0,1.0,0.0,19.5,30,0
6.0,3.0,4.0,88.8,780,1
5.0,2.0,2.0,25.1,900,0
14.0,5.0,1.0,100.05,1440,0
8.0,3.0,2.0,55.7,1650,0
9.0,3.0,4.0,85.2,210,1
8.0,4.0,4.0,91.15,1110,0
7.0,3.0,4.0,83.85,930,0
5.0,1.0,2.0,45.9,120,0
5.0,2.0,3.0,25.1,2160,0
6.0,3.0,3.0,91.4,150,1
3.0,1.0,1.0,19.7,30,0
8.0,3.0,5.0,91.5,450,0
6.0,2.0,4.0,51.3,240,0
5.0,1.0,1.0,21.1,1050,0
15.0,6.0,4.0,104.75,1680,0
15.0,6.0,3.0,106.15,1260,1
11.0,4.0,3.0,85.75,1950,0
5.0,1.0,1.0,20.3,60,0
13.0,5.0,5.0,100.75,1950,0
7.0,2.0,3.0,74.15,540,0
13.0,6.0,3.0,78.55,690,0
4.0,1.0,3.0,45.3,120,1
5.0,1.0,0.0,19.85,2100,0
4.0,2.0,5.0,50.7,120,0
3.0,1.0,2.0,45.0,570,0
7.0,3.0,3.0,77.8,540,0
9.0,3.0,4.0,83.45,1140,0
6.0,2.0,5.0,73.25,60,1
13.0,5.0,5.0,94.8,1410,0
3.0,1.0,0.0,20.1,1560,0
9.0,3.0,2.0,59.9,270,0
16.0,8.0,1.0,90.1,780,0
5.0,2.0,2.0,51.05,240,1
11.0,5.0,0.0,70.95,1320,0
3.0,1.0,3.0,29.2,90,0
3.0,1.0,2.0,46.6,60,0
8.0,3.0,3.0,85.35,270,1
4.0,2.0,5.0,75.35,30,1
9.0,2.0,5.0,74.3,750,0
4.0,1.0,3.0,69.3,60,0
5.0,2.0,3.0,75.2,1290,1
5.0,1.0,0.0,20.9,30,1
13.0,5.0,4.0,94.3,1740,0
16.0,6.0,1.0,76.45,1770,0
9.0,4.0,3.0,54.0,1320,0
16.0,6.0,1.0,104.25,1980,0
4.0,1.0,1.0,19.95,2040,0
1.0,0.0,2.0,24.95,270,0
11.0,4.0,4.0,84.75,570,0
8.0,1.0,2.0,19.75,120,0
20.0,8.0,1.0,113.65,2100,0
4.0,1.0,3.0,44.9,30,0
4.0,2.0,5.0,75.25,240,0
7.0,2.0,2.0,24.6,1590,0
6.0,2.0,3.0,25.0,1530,0
4.0,1.0,2.0,20.95,330,0
17.0,7.0,1.0,110.6,1800,0
7.0,3.0,3.0,55.5,510,0
3.0,1.0,3.0,43.3,90,1
15.0,7.0,2.0,109.5,2100,1
6.0,1.0,1.0,19.45,30,0
7.0,3.0,4.0,84.85,1290,0
5.0,1.0,2.0,19.6,480,0
10.0,3.0,4.0,53.45,1710,0
3.0,1.0,0.0,19.8,1110,0
18.0,8.0,1.0,112.1,2160,0
7.0,3.0,4.0,84.8,330,1
12.0,5.0,4.0,95.05,1500,1
5.0,2.0,2.0,50.35,150,1
6.0,2.0,4.0,74.6,30,1
5.0,1.0,1.0,19.7,480,1
4.0,2.0,4.0,74.2,60,0
11.0,5.0,2.0,69.0,510,0
2.0,1.0,0.0,19.35,480,0
10.0,3.0,5.0,59.45,450,1
5.0,1.0,0.0,19.8,300,0
13.0,6.0,2.0,105.2,1380,1
16.0,7.0,1.0,109.2,1920,0
7.0,3.0,3.0,79.15,30,0
8.0,3.0,3.0,53.65,750,0
18.0,6.0,1.0,100.2,2130,0
8.0,1.0,2.0,45.15,240,1
16.0,7.0,3.0,108.65,2160,0
6.0,2.0,3.0,40.65,1470,0
13.0,5.0,1.0,55.35,870,0
16.0,7.0,1.0,105.6,2160,0
10.0,5.0,5.0,93.8,930,1
10.0,4.0,4.0,95.7,1500,0
16.0,7.0,0.0,83.2,2130,0
18.0,8.0,0.0,90.05,2100,0
14.0,5.0,1.0,97.65,2130,0
14.0,5.0,0.0,68.05,1830,0
10.0,4.0,2.0,96.2,960,1
4.0,2.0,3.0,79.6,30,1
14.0,6.0,5.0,102.1,2040,0
4.0,2.0,0.0,23.4,1860,0
5.0,1.0,3.0,71.05,210,0
8.0,3.0,5.0,85.25,600,1
3.0,1.0,3.0,19.45,180,0
12.0,5.0,2.0,59.45,990,0
11.0,4.0,5.0,92.2,840,0
5.0,1.0,1.0,19.85,810,0
5.0,1.0,3.0,43.9,210,0
7.0,3.0,3.0,80.5,780,1
10.0,4.0,4.0,89.8,150,1
9.0,4.0,5.0,90.5,900,0
10.0,4.0,4.0,90.45,1890,0
6.0,2.0,3.0,50.75,30,1
15.0,7.0,1.0,84.6,1590,0
12.0,4.0,1.0,89.65,420,1
11.0,5.0,3.0,99.15,630,0
4.0,1.0,2.0,19.95,510,0
2.0,1.0,0.0,20.5,480,0
6.0,3.0,3.0,62.1,1050,0
6.0,2.0,7.0,79.5,960,0
2.0,1.0,1.0,19.55,840,0
6.0,1.0,1.0,20.35,30,0
8.0,3.0,1.0,51.7,1770,0
4.0,2.0,0.0,23.3,2160,0
8.0,4.0,0.0,65.4,1080,1
13.0,4.0,3.0,65.1,1200,0
8.0,3.0,3.0,81.2,1200,0
11.0,5.0,1.0,72.9,270,1
14.0,6.0,1.0,74.5,1890,0
5.0,2.0,5.0,80.5,90,0
12.0,5.0,1.0,60.3,1200,0
5.0,2.0,4.0,75.0,240,0
11.0,4.0,1.0,90.15,1020,0
6.0,3.0,2.0,40.0,150,1
10.0,5.0,3.0,99.45,270,1
11.0,5.0,2.0,69.05,270,0
9.0,3.0,4.0,59.7,930,0
5.0,1.0,0.0,19.85,1500,0
10.0,4.0,3.0,86.25,60,1
4.0,1.0,2.0,45.65,30,1
5.0,1.0,4.0,70.1,240,1
7.0,2.0,2.0,40.75,270,0
4.0,1.0,5.0,70.2,60,1
7.0,3.0,2.0,55.35,90,1
9.0,4.0,1.0,95.7,750,0
3.0,1.0,2.0,46.3,30,0
15.0,7.0,1.0,81.3,1350,0
8.0,4.0,5.0,84.2,1530,1
5.0,1.0,0.0,20.0,1650,0
12.0,5.0,5.0,66.15,1140,0
5.0,1.0,4.0,45.85,60,1
5.0,1.0,0.0,19.6,1140,0
6.0,2.0,4.0,49.8,1020,0
14.0,5.0,4.0,101.75,2100,0
6.0,3.0,0.0,55.15,390,0
4.0,2.0,3.0,75.25,1170,1
15.0,6.0,4.0,103.95,1830,0
11.0,5.0,4.0,100.15,360,1
11.0,5.0,1.0,99.65,1230,0
7.0,2.0,4.0,73.7,630,0
6.0,3.0,4.0,50.05,1650,0
15.0,5.0,0.0,60.25,2070,0
13.0,6.0,4.0,105.75,780,1
9.0,4.0,4.0,87.3,2070,0
9.0,3.0,5.0,48.35,540,1
8.0,3.0,3.0,54.25,1410,0
18.0,7.0,1.0,85.3,2160,0
13.0,4.0,2.0,50.0,990,0
0.0,0.0,4.0,24.4,60,1
16.0,8.0,0.0,90.95,2160,0
3.0,1.0,5.0,72.25,1110,0
11.0,5.0,5.0,96.1,1860,0
5.0,1.0,0.0,19.85,2130,0
8.0,3.0,2.0,55.3,690,0
5.0,1.0,0.0,20.1,480,0
10.0,5.0,2.0,69.5,270,0
6.0,2.0,1.0,25.15,510,0
4.0,1.0,2.0,20.95,120,1
7.0,2.0,2.0,49.55,30,1
8.0,3.0,4.0,79.65,720,0
5.0,1.0,4.0,71.25,30,0
21.0,8.0,2.0,113.8,2160,0
8.0,2.0,2.0,24.55,2160,0
5.0,1.0,1.0,19.7,330,0
3.0,1.0,1.0,20.25,270,1
5.0,2.0,3.0,50.15,60,1
13.0,5.0,5.0,100.5,1800,0
12.0,5.0,6.0,95.9,870,1
12.0,5.0,0.0,74.45,1470,0
14.0,6.0,4.0,104.1,900,0
4.0,1.0,1.0,19.05,1590,0
5.0,2.0,0.0,25.0,1170,0
3.0,1.0,1.0,19.05,270,0
8.0,3.0,2.0,81.9,1170,0
6.0,1.0,3.0,69.7,240,0
11.0,4.0,3.0,90.15,1530,0
4.0,2.0,1.0,25.35,2130,0
8.0,2.0,1.0,24.65,2130,0
3.0,1.0,4.0,19.55,2100,0
3.0,0.0,2.0,25.25,30,1
13.0,5.0,0.0,60.0,1140,0
9.0,4.0,6.0,89.9,840,0
4.0,1.0,2.0,19.4,960,0
8.0,2.0,3.0,49.8,1470,0
8.0,2.0,1.0,24.1,1110,0
8.0,3.0,1.0,54.25,300,0
14.0,7.0,5.0,109.9,2010,0
7.0,2.0,2.0,35.5,210,0
7.0,3.0,4.0,87.55,1530,0
3.0,1.0,2.0,45.15,270,1
6.0,3.0,5.0,88.4,270,0
9.0,2.0,3.0,50.8,120,0
16.0,6.0,4.0,99.0,2130,0
9.0,3.0,4.0,84.4,1500,1
12.0,4.0,3.0,96.55,720,0
7.0,3.0,3.0,59.75,660,0
15.0,7.0,3.0,111.5,1320,0
7.0,2.0,0.0,24.25,990,0
6.0,2.0,4.0,75.1,30,1
9.0,4.0,3.0,70.15,1620,1
12.0,5.0,3.0,101.75,1260,1
4.0,1.0,3.0,45.8,30,1
4.0,1.0,0.0,20.5,30,0
10.0,5.0,0.0,70.4,900,0
5.0,1.0,2.0,30.55,30,0
18.0,7.0,2.0,84.9,480,0
7.0,1.0,0.0,20.1,30,1
5.0,2.0,2.0,40.65,270,1
13.0,5.0,3.0,101.0,1380,1
3.0,1.0,3.0,69.1,30,1
9.0,3.0,1.0,54.5,2130,0
5.0,2.0,4.0,75.35,1290,0
7.0,3.0,0.0,44.45,1500,0
5.0,2.0,6.0,75.0,390,1
13.0,5.0,1.0,100.0,570,1
13.0,5.0,4.0,98.05,1230,0
3.0,1.0,4.0,71.15,30,1
10.0,4.0,3.0,54.15,720,1
10.0,4.0,3.0,63.9,1200,0
10.0,5.0,3.0,69.15,90,0
9.0,4.0,3.0,64.65,1110,0
15.0,7.0,3.0,108.75,2010,1
12.0,5.0,4.0,98.85,960,0
7.0,2.0,2.0,49.15,180,1
10.0,4.0,3.0,89.6,960,0
10.0,4.0,3.0,83.25,1770,0
11.0,5.0,1.0,70.25,900,0
4.0,1.0,1.0,19.4,600,1
5.0,2.0,1.0,24.5,810,0
6.0,3.0,4.0,79.15,600,1
4.0,1.0,1.0,20.1,270,0
13.0,6.0,2.0,73.0,2040,0
10.0,4.0,0.0,61.4,2070,0
12.0,4.0,2.0,84.3,780,0
3.0,1.0,1.0,19.9,2070,0
7.0,1.0,3.0,20.4,330,0
7.0,2.0,2.0,50.75,30,0
2.0,1.0,0.0,20.45,300,0
13.0,6.0,0.0,75.75,1650,0
9.0,4.0,1.0,65.4,1320,0
5.0,2.0,5.0,80.4,1380,1
11.0,4.0,3.0,59.75,2070,0
4.0,2.0,3.0,78.5,330,0
10.0,5.0,4.0,102.0,330,1
5.0,2.0,4.0,48.95,870,0
13.0,5.0,3.0,99.65,1710,0
7.0,1.0,1.0,18.25,840,0
9.0,3.0,2.0,54.55,1260,0
4.0,1.0,3.0,20.65,60,1
7.0,3.0,2.0,40.65,690,0
7.0,1.0,2.0,20.45,540,0
4.0,2.0,1.0,24.8,1860,0
4.0,1.0,4.0,70.8,30,1
10.0,4.0,4.0,89.05,480,1
12.0,4.0,4.0,96.6,90,1
20.0,8.0,0.0,88.8,2010,0
3.0,1.0,1.0,20.05,1860,0
16.0,6.0,4.0,104.5,1710,1
2.0,1.0,4.0,69.8,60,0
14.0,6.0,3.0,77.15,690,0
7.0,2.0,0.0,35.05,750,0
16.0,7.0,2.0,108.1,2160,0
9.0,3.0,4.0,84.05,60,0
4.0,1.0,0.0,20.2,240,0
8.0,2.0,4.0,50.6,150,1
9.0,3.0,2.0,49.2,1050,0
7.0,2.0,0.0,24.6,720,0
4.0,1.0,5.0,71.65,60,0
15.0,7.0,1.0,104.9,2160,0
21.0,7.0,3.0,106.5,1230,0
5.0,2.0,2.0,49.35,120,1
4.0,2.0,3.0,75.5,780,0
8.0,4.0,5.0,94.25,210,1
4.0,1.0,4.0,68.95,30,1
8.0,4.0,1.0,58.5,120,0
15.0,6.0,2.0,78.9,1440,0
9.0,4.0,3.0,93.85,60,1
14.0,6.0,0.0,79.2,360,0
15.0,7.0,1.0,109.45,1800,0
10.0,4.0,1.0,59.2,1650,0
4.0,1.0,1.0,29.15,30,0
6.0,1.0,1.0,20.05,30,0
5.0,2.0,3.0,76.05,120,1
2.0,0.0,2.0,24.45,30,1
10.0,4.0,0.0,66.5,1260,0
7.0,2.0,4.0,49.55,30,0
8.0,4.0,4.0,89.35,210,1
7.0,2.0,3.0,73.6,90,0
17.0,7.0,2.0,82.65,2160,0
5.0,2.0,3.0,49.0,450,0
6.0,2.0,3.0,80.35,120,1
5.0,2.0,0.0,25.2,330,0
4.0,2.0,0.0,25.45,150,0
9.0,3.0,3.0,55.8,30,1
17.0,7.0,1.0,110.9,2160,0
6.0,3.0,4.0,77.75,1650,0
6.0,2.0,2.0,26.2,1200,0
4.0,1.0,1.0,19.9,1710,0
9.0,2.0,4.0,79.05,30,1
10.0,4.0,3.0,95.0,30,1
0.0,0.0,5.0,25.2,30,1
12.0,6.0,3.0,80.85,1560,0
12.0,5.0,3.0,98.4,1230,1
6.0,2.0,3.0,56.35,1290,0
4.0,1.0,1.0,19.3,1410,0
7.0,2.0,3.0,50.4,90,0
15.0,7.0,2.0,79.4,1980,1
7.0,3.0,0.0,55.25,1650,0
4.0,1.0,1.0,19.1,870,0
7.0,3.0,5.0,84.05,360,0
14.0,6.0,4.0,105.2,1980,0
14.0,5.0,3.0,101.4,1050,1
12.0,4.0,5.0,89.8,300,1
5.0,2.0,3.0,75.75,810,0
11.0,4.0,2.0,95.3,1740,0
15.0,7.0,2.0,109.75,1620,1
4.0,1.0,2.0,19.85,270,0
4.0,1.0,1.0,19.3,60,1
5.0,1.0,4.0,69.1,180,0
7.0,3.0,5.0,91.25,780,1
4.0,1.0,0.0,20.25,270,0
8.0,3.0,3.0,54.75,240,0
6.0,2.0,4.0,81.45,360,0
5.0,2.0,3.0,49.1,450,1
12.0,6.0,2.0,80.2,1290,0
11.0,5.0,3.0,100.3,1260,0
12.0,5.0,0.0,65.25,930,1
11.0,5.0,5.0,90.95,1980,0
11.0,4.0,1.0,85.45,540,1
3.0,1.0,2.0,20.0,30,0
14.0,5.0,1.0,94.1,1830,1
8.0,3.0,4.0,79.85,300,0
4.0,1.0,4.0,71.65,30,1
4.0,2.0,5.0,73.55,540,0
14.0,6.0,4.0,104.65,720,1
8.0,1.0,1.0,19.3,90,0
4.0,1.0,0.0,20.15,1500,0
4.0,1.0,2.0,44.55,30,0
6.0,3.0,0.0,54.45,60,0
6.0,1.0,0.0,19.65,510,0
13.0,6.0,5.0,105.0,2070,0
17.0,8.0,1.0,88.7,2160,0
7.0,2.0,4.0,74.25,90,1
14.0,6.0,2.0,75.15,1500,0
6.0,1.0,0.0,20.25,1590,0
15.0,7.0,3.0,109.1,1740,0
3.0,1.0,2.0,30.75,1380,0
20.0,8.0,2.0,112.9,2160,0
8.0,2.0,6.0,74.2,30,1
15.0,5.0,4.0,94.05,180,0
15.0,7.0,1.0,78.85,2160,0
4.0,2.0,2.0,55.3,120,0
6.0,1.0,1.0,19.35,1560,0
6.0,2.0,3.0,25.35,0,0
3.0,1.0,1.0,20.45,60,0
6.0,1.0,2.0,19.35,1950,0
10.0,5.0,4.0,101.0,1290,1
13.0,5.0,3.0,100.2,120,1
9.0,4.0,4.0,89.05,750,1
14.0,6.0,1.0,78.65,1530,0
11.0,5.0,2.0,74.75,360,0
12.0,4.0,5.0,70.1,1710,1
3.0,1.0,1.0,19.9,720,0
12.0,4.0,0.0,58.35,1920,0
12.0,6.0,1.0,105.65,120,1
13.0,5.0,4.0,100.5,780,0
3.0,1.0,1.0,20.05,450,0
6.0,2.0,1.0,25.65,1920,0
10.0,5.0,3.0,96.5,1080,1
9.0,4.0,6.0,95.0,810,0
4.0,1.0,4.0,70.85,30,1
15.0,7.0,0.0,85.95,1050,1
5.0,2.0,4.0,73.9,120,1
3.0,1.0,3.0,45.45,240,0
4.0,1.0,2.0,20.0,300,0
5.0,2.0,3.0,49.2,60,0
14.0,7.0,4.0,109.45,1740,1
17.0,7.0,0.0,83.25,1530,0
4.0,1.0,0.0,19.25,1380,0
3.0,1.0,0.0,19.65,30,0
6.0,2.0,4.0,72.8,1380,0
15.0,7.0,1.0,109.65,1500,0
10.0,4.0,1.0,65.0,1590,0
14.0,7.0,3.0,114.1,1830,0
5.0,1.0,2.0,20.65,150,0
16.0,7.0,1.0,86.95,1410,0
11.0,5.0,5.0,94.75,1620,0
3.0,0.0,4.0,25.35,570,0
15.0,6.0,2.0,105.45,780,0
6.0,2.0,2.0,25.4,2100,0
14.0,6.0,3.0,102.55,510,0
12.0,5.0,4.0,100.2,900,1
6.0,2.0,0.0,24.0,30,0
7.0,2.0,1.0,25.6,570,0
12.0,5.0,3.0,73.5,780,0
5.0,2.0,3.0,74.05,630,1
12.0,5.0,4.0,98.25,1500,0
11.0,4.0,2.0,54.4,2040,0
12.0,5.0,3.0,101.55,90,1
12.0,5.0,2.0,103.1,270,0
6.0,2.0,0.0,34.2,1530,0
5.0,1.0,2.0,43.75,270,0
16.0,7.0,4.0,111.95,1230,1
14.0,5.0,4.0,100.65,660,0
10.0,4.0,3.0,55.95,630,1
17.0,8.0,3.0,116.05,2130,0
4.0,1.0,2.0,45.75,30,1
14.0,6.0,0.0,82.0,780,0
12.0,5.0,3.0,65.15,2130,0
4.0,1.0,5.0,44.8,120,0
9.0,3.0,4.0,79.8,360,0
9.0,4.0,3.0,88.85,540,0
7.0,2.0,3.0,74.95,90,0
15.0,6.0,5.0,106.85,2160,0
7.0,2.0,4.0,74.95,330,1
6.0,2.0,5.0,80.15,30,1
5.0,1.0,0.0,19.3,390,0
16.0,7.0,2.0,109.25,2160,1
9.0,3.0,3.0,56.1,1260,0
3.0,1.0,3.0,19.7,510,0
5.0,2.0,3.0,51.3,210,0
18.0,8.0,1.0,118.6,2040,0
6.0,2.0,3.0,24.15,1680,0
5.0,1.0,0.0,20.3,1140,0
19.0,8.0,1.0,115.5,2160,0
7.0,2.0,2.0,25.05,1440,0
16.0,7.0,4.0,109.1,1560,0
3.0,1.0,0.0,19.65,1050,0
16.0,7.0,1.0,111.3,2010,0
4.0,1.0,3.0,29.9,30,0
9.0,3.0,2.0,80.6,1590,0
3.0,1.0,3.0,20.8,1020,0
4.0,1.0,3.0,35.2,90,1
5.0,2.0,5.0,78.8,30,1
11.0,4.0,1.0,89.95,570,0
17.0,8.0,3.0,116.05,1800,0
3.0,1.0,1.0,19.55,330,0
18.0,6.0,3.0,106.4,1410,1
6.0,2.0,3.0,49.4,540,1
17.0,8.0,3.0,115.25,1800,0
6.0,2.0,1.0,24.8,2160,0
4.0,1.0,1.0,19.9,1170,0
6.0,3.0,4.0,81.25,1770,0
5.0,1.0,4.0,69.95,60,0
4.0,1.0,3.0,69.1,30,1
10.0,3.0,4.0,90.2,600,1
11.0,4.0,4.0,93.55,180,1
11.0,4.0,2.0,86.4,2130,0
11.0,5.0,3.0,66.3,720,0
9.0,4.0,4.0,94.65,2010,0
9.0,2.0,5.0,80.85,30,1
7.0,3.0,4.0,82.05,1440,1
11.0,5.0,1.0,72.1,1110,0
7.0,2.0,4.0,34.7,330,0
4.0,1.0,1.0,20.55,90,1
14.0,4.0,4.0,95.95,540,0
3.0,1.0,3.0,44.8,1500,0
18.0,7.0,1.0,109.4,2010,0
11.0,5.0,0.0,71.05,750,0
8.0,3.0,3.0,78.55,60,1
3.0,1.0,0.0,19.7,270,0
10.0,3.0,3.0,40.25,300,0
2.0,1.0,0.0,19.85,2100,0
11.0,5.0,1.0,68.25,270,0
4.0,1.0,2.0,20.15,120,0
4.0,2.0,3.0,50.95,60,0
5.0,2.0,4.0,78.65,30,1
0.0,0.0,2.0,25.15,570,0
4.0,1.0,1.0,20.25,210,0
4.0,1.0,3.0,42.9,30,1
5.0,1.0,3.0,44.0,30,0
4.0,1.0,0.0,20.25,270,0
4.0,2.0,0.0,34.25,90,1
11.0,5.0,0.0,58.5,270,1
7.0,3.0,2.0,55.8,150,0
10.0,3.0,4.0,88.9,1680,0
6.0,3.0,2.0,57.65,540,0
10.0,4.0,3.0,96.2,1470,1
14.0,7.0,2.0,79.15,2100,0
15.0,7.0,1.0,108.05,2160,0
5.0,2.0,3.0,74.4,180,1
10.0,4.0,3.0,94.8,510,0
7.0,2.0,2.0,45.9,870,0
13.0,6.0,4.0,105.3,180,1
12.0,5.0,4.0,102.6,1890,0
5.0,2.0,6.0,73.85,480,1
6.0,3.0,3.0,61.35,1770,0
8.0,3.0,3.0,57.55,90,0
7.0,1.0,4.0,29.25,240,0
9.0,3.0,4.0,84.55,210,1
4.0,1.0,0.0,19.6,2040,0
17.0,7.0,2.0,111.75,2040,0
12.0,6.0,4.0,106.5,1560,0
17.0,7.0,2.0,107.7,2160,0
2.0,1.0,1.0,19.3,960,0
4.0,1.0,2.0,20.05,2160,0
2.0,1.0,3.0,69.95,30,0
10.0,4.0,2.0,63.7,1260,0
6.0,2.0,2.0,24.75,750,1
9.0,2.0,2.0,50.9,1350,0
11.0,5.0,0.0,60.4,1290,0
15.0,6.0,4.0,79.25,1110,0
6.0,3.0,4.0,85.8,600,1
0.0,0.0,3.0,24.45,120,1
16.0,7.0,1.0,110.1,1890,0
10.0,3.0,3.0,90.7,90,0
4.0,2.0,0.0,25.3,1980,0
12.0,6.0,3.0,105.7,840,1
7.0,3.0,3.0,85.2,240,0
6.0,2.0,1.0,24.35,2130,0
2.0,0.0,3.0,24.25,30,1
4.0,2.0,0.0,25.1,2160,0
7.0,3.0,2.0,54.55,480,0
15.0,6.0,1.0,96.6,1980,0
6.0,2.0,4.0,76.5,330,1
18.0,7.0,3.0,81.15,1530,0
5.0,2.0,3.0,38.5,240,0
9.0,3.0,4.0,92.9,420,0
11.0,5.0,1.0,93.5,120,1
17.0,7.0,3.0,84.7,2100,0
11.0,5.0,1.0,66.0,2100,0
11.0,5.0,4.0,101.5,1620,1
5.0,2.0,4.0,74.9,840,1
5.0,1.0,1.0,20.75,720,0
8.0,3.0,4.0,61.45,2070,0
8.0,3.0,4.0,54.5,1260,0
4.0,1.0,4.0,69.6,60,1
11.0,5.0,5.0,99.75,1170,0
18.0,7.0,1.0,109.75,1350,0
18.0,7.0,1.0,80.85,2160,0
2.0,1.0,1.0,20.3,1140,0
14.0,6.0,1.0,67.8,2160,0
6.0,2.0,2.0,24.05,30,1
6.0,1.0,1.0,19.8,2160,0
8.0,2.0,0.0,25.7,1650,0
9.0,4.0,0.0,56.15,1530,0
17.0,7.0,1.0,86.7,1890,0
4.0,1.0,0.0,20.4,30,0
5.0,1.0,1.0,19.65,690,0
4.0,2.0,3.0,50.55,30,1
8.0,3.0,0.0,54.35,60,0
16.0,7.0,4.0,108.1,1560,0
10.0,3.0,5.0,54.45,1080,0
2.0,1.0,5.0,45.35,30,0
11.0,4.0,2.0,59.0,840,0
16.0,5.0,2.0,69.45,210,0
11.0,5.0,4.0,100.55,420,1
15.0,6.0,0.0,64.95,2160,0
3.0,1.0,1.0,20.5,30,1
5.0,1.0,2.0,18.85,300,0
3.0,1.0,1.0,19.8,1260,0
3.0,0.0,5.0,25.05,210,0
6.0,2.0,4.0,74.8,120,1
20.0,8.0,2.0,114.3,2160,0
2.0,0.0,4.0,24.45,600,1
16.0,7.0,2.0,109.2,1890,0
9.0,4.0,0.0,45.05,1680,0
4.0,2.0,1.0,51.0,150,0
15.0,7.0,1.0,110.45,2160,0
11.0,4.0,4.0,84.65,2040,0
9.0,4.0,0.0,60.05,2010,0
5.0,1.0,2.0,44.65,240,0
12.0,5.0,1.0,93.25,1560,0
4.0,1.0,3.0,20.25,540,0
7.0,2.0,0.0,25.45,1770,0
5.0,1.0,2.0,20.6,1800,0
11.0,4.0,6.0,94.1,210,0
4.0,2.0,2.0,34.8,1770,0
11.0,5.0,0.0,60.75,1380,0
4.0,2.0,3.0,51.35,150,0
12.0,5.0,1.0,64.05,1770,0
15.0,7.0,1.0,84.8,2100,0
7.0,1.0,6.0,71.0,420,1
7.0,2.0,2.0,50.15,1320,0
12.0,5.0,3.0,94.6,1920,0
12.0,5.0,0.0,59.75,1740,0
11.0,5.0,1.0,100.25,1380,0
11.0,5.0,3.0,98.9,1740,0
11.0,5.0,5.0,97.7,2160,0
4.0,2.0,4.0,40.3,900,1
11.0,4.0,4.0,60.25,330,0
13.0,4.0,3.0,56.25,1020,0
7.0,3.0,3.0,46.2,1620,0
9.0,3.0,4.0,50.6,90,1
6.0,2.0,0.0,24.9,2160,0
10.0,4.0,3.0,84.85,1200,1
6.0,3.0,3.0,65.7,60,1
8.0,4.0,5.0,63.35,1620,0
5.0,2.0,3.0,50.1,420,0
5.0,1.0,4.0,70.5,30,1
13.0,5.0,3.0,94.85,300,1
6.0,2.0,4.0,50.15,30,0
4.0,1.0,1.0,19.75,30,1
11.0,5.0,0.0,64.65,1680,0
15.0,6.0,1.0,79.6,2040,0
4.0,1.0,0.0,19.5,420,0
11.0,5.0,2.0,99.55,2040,0
5.0,2.0,5.0,74.0,1650,0
6.0,2.0,2.0,38.9,480,0
9.0,2.0,4.0,79.55,270,0
10.0,4.0,2.0,65.45,420,1
12.0,5.0,4.0,98.7,1740,1
8.0,3.0,3.0,46.3,1590,0
17.0,6.0,3.0,99.35,2100,0
8.0,4.0,3.0,95.8,420,0
11.0,5.0,3.0,67.5,660,1
7.0,3.0,3.0,78.15,300,0
4.0,2.0,0.0,26.1,870,0
5.0,1.0,4.0,69.6,30,1
15.0,7.0,1.0,84.35,1470,1
13.0,5.0,4.0,100.2,2040,1
5.0,2.0,4.0,78.05,30,1
6.0,2.0,1.0,40.35,900,0
15.0,7.0,1.0,79.2,2160,0
7.0,1.0,1.0,20.9,300,0
5.0,2.0,6.0,73.6,210,1
9.0,2.0,4.0,74.75,270,1
4.0,2.0,3.0,49.9,30,0
12.0,5.0,0.0,68.9,600,0
3.0,1.0,0.0,20.25,30,0
6.0,2.0,3.0,76.0,870,0
5.0,2.0,1.0,74.0,30,0
8.0,3.0,4.0,82.3,90,0
10.0,4.0,3.0,89.4,600,0
11.0,5.0,3.0,99.15,1920,0
4.0,1.0,2.0,20.2,30,1
7.0,1.0,3.0,29.45,180,0
8.0,1.0,0.0,19.8,1500,0
8.0,3.0,3.0,59.15,180,0
5.0,1.0,4.0,44.75,210,0
10.0,4.0,3.0,90.8,2160,0
8.0,2.0,4.0,49.55,240,0
16.0,6.0,2.0,106.7,2010,0
10.0,4.0,5.0,93.55,720,1
11.0,5.0,5.0,94.45,2160,0
4.0,1.0,0.0,19.45,990,0
2.0,0.0,3.0,25.05,60,1
11.0,5.0,0.0,67.95,2100,0
12.0,4.0,3.0,65.25,660,0
14.0,6.0,4.0,99.45,1770,0
2.0,1.0,1.0,20.35,1080,0
5.0,1.0,0.0,19.95,1530,0
13.0,6.0,0.0,77.4,1590,0
6.0,1.0,2.0,19.7,600,0
12.0,5.0,6.0,99.7,1890,0
8.0,2.0,4.0,74.8,1200,0
7.0,1.0,2.0,19.15,1050,0
6.0,2.0,3.0,78.95,780,0
10.0,5.0,3.0,95.55,810,1
12.0,4.0,2.0,62.85,1590,0
3.0,1.0,4.0,71.55,1020,0
11.0,4.0,3.0,94.95,570,0
11.0,4.0,4.0,86.1,1290,0
3.0,1.0,0.0,19.55,180,0
8.0,2.0,2.0,24.8,1680,0
7.0,2.0,4.0,39.3,1710,1
7.0,3.0,4.0,84.05,1020,0
5.0,2.0,1.0,36.25,300,0
6.0,1.0,1.0,20.25,30,1
0.0,0.0,3.0,23.9,390,1
12.0,5.0,4.0,98.6,1680,0
13.0,6.0,3.0,103.65,1650,0
17.0,8.0,1.0,92.9,1080,0
5.0,1.0,0.0,19.9,1410,0
6.0,1.0,2.0,20.1,360,0
7.0,3.0,3.0,85.45,30,1
8.0,3.0,4.0,80.5,720,0
10.0,5.0,3.0,99.9,1890,1
6.0,2.0,3.0,39.85,1050,0
10.0,4.0,0.0,60.5,2010,0
9.0,3.0,3.0,84.8,750,1
13.0,6.0,3.0,103.85,630,0
11.0,5.0,0.0,67.8,390,0
6.0,2.0,4.0,75.2,1050,1
4.0,2.0,0.0,24.85,2130,0
3.0,1.0,0.0,19.35,870,0
11.0,3.0,4.0,49.35,2130,1
8.0,3.0,4.0,89.0,210,0
11.0,4.0,2.0,55.0,1710,0
15.0,6.0,0.0,76.15,1950,0
5.0,1.0,1.0,20.3,810,0
6.0,2.0,4.0,74.9,180,1
19.0,8.0,2.0,117.35,2160,0
4.0,1.0,0.0,19.75,30,0
4.0,1.0,4.0,45.2,330,0
7.0,2.0,1.0,25.2,1170,0
10.0,5.0,3.0,89.75,1770,0
10.0,5.0,0.0,75.0,780,0
7.0,2.0,2.0,49.95,60,0
13.0,6.0,0.0,65.7,2160,0
12.0,5.0,2.0,67.05,1950,0
16.0,7.0,2.0,110.9,2160,0
12.0,4.0,2.0,87.95,180,0
4.0,1.0,1.0,19.8,960,0
11.0,5.0,2.0,75.7,1500,0
11.0,5.0,0.0,62.15,1830,0
10.0,5.0,5.0,101.25,450,1
16.0,8.0,1.0,115.15,2160,0
2.0,1.0,1.0,18.95,270,1
3.0,1.0,1.0,19.5,30,0
6.0,3.0,3.0,86.55,360,0
4.0,1.0,1.0,28.6,1110,1
3.0,1.0,0.0,20.4,1830,0
4.0,1.0,1.0,19.8,540,0
6.0,1.0,3.0,45.65,630,0
11.0,5.0,2.0,56.4,2040,0
7.0,2.0,4.0,73.3,360,0
2.0,0.0,4.0,24.35,60,1
14.0,5.0,4.0,101.35,1860,0
14.0,5.0,2.0,98.65,870,1
8.0,2.0,5.0,33.6,30,0
8.0,3.0,4.0,79.9,150,1
5.0,1.0,1.0,20.7,30,0
14.0,6.0,4.0,104.05,1860,0
2.0,1.0,0.0,20.25,1080,0
14.0,6.0,2.0,103.3,840,1
14.0,6.0,1.0,73.7,2070,0
14.0,5.0,2.0,96.2,330,1
17.0,7.0,3.0,108.75,1890,0
2.0,1.0,0.0,20.15,690,0
3.0,1.0,0.0,19.75,300,0
6.0,2.0,1.0,25.95,2130,0
13.0,5.0,2.0,70.05,1350,0
7.0,2.0,1.0,24.05,2100,0
8.0,3.0,3.0,84.75,660,0
5.0,2.0,2.0,23.05,1560,0
13.0,6.0,3.0,104.15,1650,1
12.0,5.0,0.0,59.95,1950,0
5.0,1.0,0.0,19.55,2160,0
3.0,1.0,2.0,19.6,300,0
3.0,1.0,0.0,20.05,210,0
6.0,3.0,3.0,85.55,150,0
14.0,6.0,5.0,78.6,720,0
21.0,8.0,1.0,116.8,2160,0
7.0,3.0,2.0,43.55,630,0
12.0,5.0,1.0,60.8,2070,0
7.0,3.0,0.0,54.9,1320,0
9.0,4.0,2.0,65.2,1830,0
13.0,6.0,3.0,102.95,720,1
8.0,3.0,3.0,90.6,30,1
6.0,2.0,1.0,50.8,180,1
9.0,4.0,4.0,90.05,120,1
14.0,7.0,1.0,108.2,2160,0
16.0,8.0,1.0,92.0,2160,0
8.0,2.0,3.0,75.1,420,0
7.0,2.0,3.0,25.05,210,0
7.0,2.0,3.0,75.15,1440,0
4.0,1.0,1.0,19.5,1650,0
3.0,1.0,1.0,19.3,30,0
17.0,7.0,2.0,112.2,1350,0
4.0,1.0,5.0,70.3,90,0
4.0,1.0,3.0,19.6,2130,0
5.0,1.0,1.0,20.25,240,0
6.0,2.0,5.0,75.85,90,1
12.0,6.0,2.0,80.65,2070,0
5.0,1.0,3.0,68.5,30,1
19.0,8.0,3.0,115.75,2160,0
6.0,2.0,4.0,73.5,330,1
18.0,7.0,1.0,80.6,2130,0
2.0,1.0,4.0,69.95,30,1
12.0,5.0,2.0,59.55,990,0
4.0,1.0,0.0,19.05,480,0
14.0,6.0,1.0,95.65,1680,0
5.0,1.0,1.0,19.95,30,0
8.0,4.0,2.0,70.05,150,1
2.0,1.0,1.0,19.4,1710,0
4.0,2.0,2.0,36.1,1680,0
12.0,5.0,4.0,94.0,240,1
9.0,4.0,3.0,61.15,660,1
3.0,1.0,2.0,19.75,30,0
10.0,4.0,0.0,64.1,1200,0
7.0,1.0,1.0,19.75,1380,0
6.0,1.0,2.0,19.7,1890,0
17.0,7.0,3.0,110.2,2040,0
13.0,6.0,1.0,106.35,2070,0
11.0,5.0,2.0,90.55,1680,0
9.0,4.0,3.0,65.9,300,0
17.0,7.0,3.0,104.5,1890,0
11.0,5.0,2.0,52.5,720,0
6.0,3.0,3.0,56.1,570,0
13.0,4.0,4.0,88.75,660,0
9.0,4.0,7.0,84.45,870,1
12.0,5.0,5.0,75.3,390,1
5.0,2.0,2.0,26.0,2100,0
10.0,5.0,4.0,99.4,1470,0
14.0,7.0,1.0,109.55,1290,1
2.0,1.0,0.0,19.6,90,1
12.0,5.0,1.0,73.15,1260,0
8.0,3.0,2.0,54.65,1710,0
10.0,4.0,3.0,66.4,60,1
18.0,8.0,1.0,115.55,2160,0
13.0,6.0,5.0,104.45,1380,0
13.0,5.0,1.0,100.05,1980,1
14.0,6.0,2.0,102.0,1860,1
20.0,8.0,0.0,91.15,2160,0
11.0,4.0,1.0,89.7,1050,0
11.0,5.0,3.0,90.2,510,1
17.0,8.0,0.0,92.4,2160,0
4.0,1.0,0.0,19.9,840,0
7.0,2.0,1.0,25.15,1680,1
9.0,3.0,1.0,79.85,930,1
4.0,1.0,0.0,18.85,1350,0
4.0,2.0,1.0,25.75,30,0
5.0,2.0,4.0,49.6,60,1
5.0,1.0,1.0,20.95,180,0
14.0,5.0,4.0,97.05,1440,0
6.0,2.0,0.0,25.4,750,0
6.0,1.0,0.0,19.7,1920,0
7.0,2.0,3.0,35.0,1500,0
11.0,5.0,3.0,101.25,1560,0
4.0,1.0,5.0,70.2,120,0
9.0,3.0,3.0,90.95,960,0
14.0,6.0,2.0,73.85,1350,0
10.0,4.0,4.0,88.05,270,0
14.0,6.0,2.0,105.95,1980,1
9.0,4.0,4.0,91.85,90,1
5.0,1.0,1.0,20.1,1620,0
8.0,2.0,2.0,40.1,30,1
15.0,7.0,3.0,110.3,1920,0
5.0,2.0,4.0,73.9,930,1
7.0,3.0,3.0,89.8,420,1
8.0,3.0,3.0,85.15,360,0
11.0,4.0,0.0,60.95,2010,0
14.0,6.0,0.0,72.25,1050,1
14.0,5.0,1.0,73.55,1350,0
4.0,1.0,4.0,46.0,300,0
9.0,4.0,5.0,58.55,870,0
8.0,2.0,0.0,24.6,720,0
3.0,1.0,4.0,19.75,1980,0
8.0,3.0,4.0,86.35,1530,0
9.0,2.0,0.0,25.5,1350,0
2.0,1.0,1.0,19.0,1470,0
4.0,1.0,2.0,19.55,870,0
16.0,7.0,4.0,110.1,1200,0
9.0,4.0,3.0,96.55,1110,1
6.0,1.0,4.0,69.75,750,0
13.0,3.0,2.0,50.6,660,0
17.0,6.0,1.0,65.6,2160,0
6.0,2.0,3.0,40.1,210,1
16.0,6.0,2.0,82.1,990,0
9.0,3.0,1.0,79.1,690,0
12.0,5.0,5.0,101.25,720,1
6.0,2.0,3.0,79.55,30,1
17.0,8.0,0.0,90.65,2070,0
4.0,1.0,3.0,20.55,90,0
15.0,5.0,1.0,75.75,1680,0
14.0,7.0,1.0,110.0,1950,0
2.0,1.0,1.0,20.85,2130,0
9.0,3.0,3.0,80.35,420,0
4.0,1.0,4.0,70.15,60,0
8.0,3.0,6.0,84.05,960,1
12.0,4.0,4.0,67.45,1200,0
4.0,1.0,0.0,20.75,30,0
7.0,3.0,3.0,89.1,30,1
6.0,1.0,5.0,69.9,210,0
4.0,2.0,4.0,51.1,450,0
13.0,5.0,4.0,94.4,510,1
7.0,3.0,5.0,78.25,570,1
7.0,2.0,1.0,25.55,2130,0
10.0,4.0,1.0,60.0,1620,0
12.0,5.0,2.0,90.55,930,0
6.0,2.0,4.0,76.4,330,0
8.0,3.0,3.0,84.95,540,0
14.0,7.0,4.0,110.1,2160,0
12.0,5.0,6.0,99.65,2130,0
8.0,3.0,3.0,45.4,150,0
12.0,5.0,0.0,69.0,1140,0
4.0,2.0,1.0,48.65,150,0
4.0,1.0,2.0,44.15,60,1
11.0,4.0,2.0,59.85,1560,0
6.0,2.0,4.0,75.75,240,1
13.0,6.0,3.0,80.65,2040,0
2.0,1.0,0.0,20.55,2070,0
10.0,5.0,0.0,66.4,1260,0
11.0,5.0,1.0,100.2,1500,0
4.0,1.0,2.0,19.1,30,1
7.0,3.0,4.0,80.3,30,1
2.0,1.0,4.0,44.55,990,0
3.0,1.0,2.0,20.35,210,0
13.0,5.0,4.0,91.8,1920,0
4.0,2.0,5.0,74.9,30,1
3.0,1.0,0.0,20.2,1770,0
5.0,2.0,3.0,50.35,180,0
4.0,1.0,1.0,18.8,90,0
4.0,1.0,1.0,20.45,450,0
7.0,3.0,3.0,64.75,390,0
11.0,5.0,4.0,98.7,690,0
10.0,4.0,5.0,89.45,930,0
10.0,4.0,2.0,58.75,870,0
2.0,1.0,0.0,20.7,1470,0
9.0,3.0,5.0,85.6,1680,0
17.0,7.0,0.0,80.3,1890,0
15.0,6.0,0.0,79.8,1890,0
7.0,3.0,4.0,79.85,720,0
7.0,3.0,2.0,54.1,1080,0
5.0,2.0,4.0,80.85,270,1
3.0,0.0,3.0,24.75,90,1
12.0,6.0,2.0,80.9,630,0
5.0,2.0,0.0,24.5,390,0
4.0,1.0,1.0,20.15,30,0
6.0,1.0,2.0,20.05,750,0
6.0,1.0,1.0,19.6,2130,0
16.0,8.0,2.0,114.3,1980,0
19.0,5.0,3.0,100.3,1350,0
4.0,2.0,3.0,80.0,660,0
2.0,1.0,1.0,20.85,2010,0
8.0,4.0,4.0,89.95,2040,0
2.0,1.0,1.0,20.0,0,0
8.0,4.0,3.0,90.85,1470,1
8.0,2.0,3.0,48.75,120,0
15.0,7.0,1.0,80.0,1890,0
8.0,3.0,4.0,79.7,60,1
4.0,1.0,0.0,20.35,630,0
9.0,4.0,0.0,57.55,1650,1
5.0,1.0,2.0,20.25,30,0
3.0,1.0,0.0,19.4,510,0
10.0,5.0,4.0,100.4,900,0
11.0,4.0,2.0,57.95,660,0
10.0,3.0,0.0,59.5,270,0
3.0,1.0,2.0,19.2,30,0
8.0,3.0,4.0,86.5,630,1
10.0,4.0,0.0,59.55,570,0
14.0,6.0,3.0,103.95,2070,1
0.0,0.0,2.0,25.1,30,1
16.0,7.0,3.0,103.95,2160,0
10.0,5.0,2.0,68.95,2100,0
16.0,7.0,2.0,103.1,1980,0
4.0,0.0,3.0,24.7,210,0
15.0,7.0,2.0,110.2,1380,0
9.0,4.0,0.0,48.95,1170,1
9.0,4.0,2.0,62.45,960,0
10.0,4.0,3.0,89.55,720,0
9.0,3.0,4.0,83.55,180,1
15.0,7.0,0.0,78.9,1110,0
5.0,1.0,0.0,20.35,240,0
14.0,5.0,3.0,71.45,2160,0
9.0,4.0,2.0,46.35,2130,0
10.0,4.0,6.0,94.65,480,0
11.0,4.0,0.0,49.9,1710,0
7.0,2.0,0.0,25.45,1980,0
8.0,4.0,5.0,89.15,510,1
4.0,1.0,0.0,20.75,630,0
13.0,5.0,4.0,66.1,1980,0
14.0,5.0,3.0,75.4,510,0
4.0,1.0,6.0,70.45,30,1
9.0,4.0,4.0,60.3,1740,1
5.0,1.0,1.0,21.05,240,0
12.0,5.0,1.0,69.35,810,0
9.0,4.0,4.0,88.85,1020,0
12.0,4.0,3.0,97.0,900,0
13.0,4.0,2.0,66.4,990,0
2.0,0.0,2.0,24.75,30,1
11.0,5.0,2.0,69.2,420,0
9.0,3.0,2.0,79.5,480,0
13.0,5.0,2.0,100.65,1470,0
14.0,6.0,3.0,103.3,570,1
17.0,7.0,0.0,79.7,2100,0
8.0,4.0,1.0,61.4,960,0
6.0,1.0,4.0,69.8,540,0
7.0,3.0,0.0,40.55,1110,0
4.0,2.0,4.0,75.65,120,0
12.0,5.0,3.0,90.7,480,0
8.0,3.0,3.0,80.5,510,0
8.0,4.0,2.0,60.6,570,0
13.0,5.0,3.0,101.15,1800,0
8.0,2.0,1.0,24.95,1530,0
4.0,1.0,0.0,20.3,840,0
6.0,3.0,2.0,60.0,1290,0
4.0,1.0,2.0,20.25,1260,0
7.0,2.0,3.0,78.5,90,1
4.0,1.0,2.0,44.75,30,0
4.0,1.0,1.0,19.85,90,1
15.0,6.0,4.0,98.0,1890,0
6.0,2.0,4.0,79.9,90,1
15.0,7.0,3.0,107.7,2040,0
11.0,5.0,4.0,99.7,900,1
15.0,6.0,3.0,104.7,1800,0
9.0,4.0,0.0,58.6,450,1
12.0,4.0,4.0,93.9,1350,0
15.0,7.0,1.0,86.45,2100,0
13.0,5.0,4.0,98.5,300,1
4.0,1.0,1.0,19.4,120,0
7.0,2.0,2.0,50.45,30,1
5.0,2.0,1.0,24.95,2040,0
5.0,2.0,5.0,75.0,660,0
14.0,5.0,4.0,94.65,1140,1
11.0,5.0,3.0,100.25,30,1
7.0,3.0,3.0,78.2,540,0
11.0,4.0,1.0,94.2,870,0
8.0,4.0,4.0,88.45,480,1
4.0,1.0,4.0,69.85,30,1
7.0,3.0,4.0,81.7,360,1
9.0,3.0,3.0,50.05,930,0
5.0,2.0,3.0,79.9,120,1
11.0,5.0,2.0,69.55,1440,0
7.0,2.0,1.0,25.4,450,1
11.0,5.0,2.0,90.1,1500,0
5.0,1.0,2.0,44.65,210,0
11.0,4.0,3.0,83.75,1230,1
10.0,3.0,4.0,80.35,2040,0
13.0,5.0,3.0,98.1,780,0
11.0,4.0,2.0,53.35,1710,0
2.0,1.0,0.0,19.55,90,0
5.0,1.0,1.0,20.9,30,1
6.0,2.0,2.0,48.95,570,0
8.0,2.0,3.0,54.2,90,0
5.0,2.0,0.0,24.45,1770,0
3.0,1.0,4.0,69.4,30,1
4.0,2.0,3.0,40.15,1260,0
6.0,2.0,4.0,74.9,210,1
4.0,2.0,0.0,25.6,2010,0
4.0,1.0,4.0,70.35,30,0
18.0,8.0,2.0,91.7,1980,0
9.0,4.0,4.0,89.2,1830,0
4.0,2.0,1.0,24.1,120,0
8.0,2.0,5.0,74.15,1260,1
9.0,3.0,3.0,53.85,1920,0
18.0,8.0,4.0,115.6,1620,0
2.0,1.0,0.0,19.75,30,0
5.0,2.0,2.0,24.05,1620,0
4.0,2.0,1.0,25.3,540,0
9.0,3.0,3.0,84.3,90,0
4.0,1.0,3.0,70.1,30,1
16.0,8.0,0.0,89.75,2160,0
11.0,5.0,4.0,97.95,1800,0
5.0,1.0,2.0,20.0,330,0
7.0,3.0,4.0,78.3,360,1
14.0,6.0,2.0,103.9,1830,0
3.0,1.0,1.0,20.7,1170,0
10.0,4.0,3.0,96.8,1650,1
13.0,5.0,4.0,94.4,510,1
3.0,1.0,1.0,20.15,1110,0
6.0,2.0,1.0,26.0,2160,0
13.0,6.0,0.0,77.35,2160,0
10.0,4.0,0.0,66.05,240,0
4.0,1.0,1.0,19.9,660,0
9.0,3.0,4.0,84.3,30,1
11.0,5.0,0.0,68.15,1140,0
12.0,6.0,0.0,80.85,510,0
14.0,6.0,3.0,75.5,2100,0
20.0,8.0,0.0,92.45,2160,1
6.0,2.0,3.0,80.6,840,0
8.0,3.0,3.0,83.2,450,0
18.0,8.0,3.0,87.55,2160,0
12.0,5.0,3.0,99.55,330,1
7.0,3.0,3.0,81.25,240,1
14.0,7.0,2.0,109.4,1710,0
2.0,1.0,1.0,19.95,30,1
8.0,3.0,5.0,45.55,1380,0
4.0,1.0,2.0,20.7,900,0
5.0,2.0,6.0,75.3,300,0
12.0,6.0,4.0,99.25,690,1
11.0,5.0,3.0,93.4,960,0
6.0,2.0,4.0,73.75,390,0
9.0,3.0,3.0,80.45,1170,1
9.0,4.0,4.0,88.15,1320,0
8.0,2.0,2.0,49.2,270,0
3.0,1.0,1.0,19.65,2010,0
9.0,3.0,3.0,79.35,270,1
7.0,3.0,3.0,79.75,450,1
14.0,6.0,5.0,105.15,2130,0
5.0,2.0,0.0,49.0,30,0
13.0,5.0,5.0,100.05,900,1
3.0,1.0,3.0,69.35,30,1
9.0,3.0,3.0,49.8,510,0
6.0,3.0,1.0,85.8,90,1
12.0,6.0,3.0,79.7,2010,1
5.0,1.0,2.0,20.95,30,0
6.0,2.0,5.0,50.55,30,1
8.0,3.0,4.0,79.3,960,0
6.0,1.0,1.0,19.5,1230,0
5.0,2.0,4.0,80.55,30,1
5.0,1.0,2.0,44.15,30,0
10.0,4.0,5.0,84.5,360,1
18.0,6.0,4.0,105.5,1860,0
8.0,3.0,4.0,84.3,660,1
11.0,5.0,1.0,92.7,510,0
5.0,2.0,2.0,26.25,2160,0
11.0,5.0,3.0,96.95,1680,0
6.0,1.0,0.0,20.45,270,0
18.0,8.0,2.0,115.8,2160,0
18.0,7.0,1.0,108.2,600,0
6.0,1.0,1.0,20.2,570,0
2.0,1.0,3.0,67.75,60,1
9.0,4.0,2.0,54.9,1590,0
7.0,3.0,5.0,85.25,810,1
5.0,1.0,1.0,20.15,180,0
10.0,4.0,4.0,90.35,270,0
10.0,3.0,5.0,55.75,240,0
17.0,8.0,1.0,114.6,2130,0
7.0,3.0,3.0,80.05,300,1
6.0,1.0,1.0,20.0,30,1
17.0,6.0,1.0,66.8,2130,0
12.0,5.0,2.0,100.3,2040,0
14.0,6.0,4.0,105.35,1020,0
10.0,4.0,2.0,85.2,780,0
5.0,2.0,2.0,48.8,660,1
6.0,1.0,0.0,18.95,210,0
4.0,1.0,4.0,69.8,600,0
13.0,6.0,4.0,106.15,1800,0
5.0,1.0,0.0,20.55,2160,0
13.0,6.0,3.0,105.75,2160,0
5.0,2.0,0.0,25.25,120,0
5.0,1.0,0.0,19.75,480,0
13.0,6.0,3.0,104.85,1860,0
6.0,3.0,0.0,60.95,300,0
7.0,3.0,4.0,81.15,930,0
6.0,1.0,1.0,19.1,2130,0
4.0,1.0,2.0,20.8,1740,0
16.0,8.0,1.0,90.15,2100,0
19.0,8.0,1.0,90.1,2130,0
15.0,6.0,2.0,74.1,2070,0
10.0,3.0,4.0,85.05,30,1
18.0,8.0,3.0,118.75,2160,0
8.0,3.0,1.0,85.9,780,0
13.0,5.0,3.0,95.0,990,0
3.0,1.0,0.0,20.15,300,0
15.0,6.0,1.0,101.3,1710,0
3.0,1.0,1.0,21.2,300,0
6.0,2.0,1.0,24.2,1170,0
5.0,1.0,1.0,20.3,330,0
15.0,6.0,4.0,102.8,630,1
14.0,7.0,0.0,85.3,2040,0
10.0,4.0,3.0,89.6,540,0
12.0,5.0,4.0,99.95,180,1
8.0,3.0,2.0,56.25,540,0
5.0,2.0,2.0,50.95,1560,0
17.0,8.0,4.0,115.85,1680,0
12.0,6.0,2.0,103.65,1350,0
5.0,2.0,0.0,26.1,2010,0
8.0,2.0,1.0,35.1,90,0
13.0,5.0,3.0,99.1,1950,0
13.0,5.0,2.0,67.25,1890,0
8.0,2.0,1.0,25.0,330,0
7.0,3.0,3.0,59.55,30,0
14.0,5.0,2.0,77.8,1650,0
7.0,3.0,0.0,55.1,750,0
18.0,8.0,2.0,117.8,2160,1
6.0,2.0,1.0,24.15,2160,0
6.0,3.0,0.0,45.25,1950,0
8.0,3.0,5.0,79.5,1620,1
4.0,1.0,1.0,20.25,210,0
12.0,5.0,0.0,64.75,2160,0
5.0,2.0,3.0,54.6,630,0
6.0,1.0,2.0,20.7,60,0
11.0,4.0,3.0,94.75,120,0
9.0,3.0,2.0,79.65,90,1
19.0,8.0,3.0,115.8,2160,0
8.0,2.0,3.0,49.45,180,0
6.0,3.0,3.0,83.8,1560,0
13.0,5.0,3.0,95.35,2070,0
10.0,4.0,4.0,94.7,240,1
8.0,2.0,5.0,74.05,240,0
9.0,4.0,4.0,89.6,1890,0
17.0,8.0,1.0,116.6,1800,0
7.0,3.0,1.0,54.2,360,0
4.0,1.0,4.0,19.3,390,0
13.0,5.0,4.0,65.05,660,0
10.0,4.0,5.0,92.5,150,1
3.0,1.0,2.0,19.45,30,1
5.0,2.0,2.0,24.05,2160,0
2.0,1.0,2.0,18.75,60,0
5.0,1.0,0.0,20.15,1200,0
7.0,1.0,1.0,20.0,1320,0
11.0,5.0,1.0,71.0,2130,0
7.0,2.0,5.0,75.55,60,1
10.0,4.0,4.0,93.6,780,0
2.0,1.0,4.0,70.0,30,1
3.0,0.0,3.0,24.4,30,0
12.0,5.0,1.0,74.8,1950,1
9.0,4.0,1.0,65.25,90,0
5.0,2.0,0.0,50.55,390,0
14.0,6.0,6.0,104.4,990,1
5.0,1.0,6.0,70.7,30,0
4.0,1.0,5.0,45.25,120,0
3.0,1.0,3.0,70.3,60,0
18.0,7.0,1.0,108.95,2160,0
5.0,2.0,0.0,26.45,1110,0
11.0,3.0,4.0,86.2,450,1
4.0,1.0,0.0,19.65,690,0
6.0,3.0,0.0,51.2,900,1
3.0,1.0,0.0,19.05,1260,0
12.0,5.0,2.0,74.75,960,0
7.0,2.0,5.0,75.8,660,0
2.0,0.0,3.0,25.1,1260,0
2.0,1.0,2.0,44.45,240,0
12.0,6.0,5.0,104.3,1950,0
4.0,1.0,1.0,19.5,60,1
17.0,8.0,3.0,89.0,2100,0
4.0,1.0,3.0,20.15,660,0
6.0,2.0,6.0,74.9,120,1
6.0,2.0,5.0,74.9,60,1
4.0,2.0,4.0,36.15,2010,0
2.0,1.0,1.0,19.2,750,0
4.0,1.0,4.0,19.25,600,0
8.0,3.0,3.0,61.2,60,0
4.0,1.0,0.0,20.45,1530,0
7.0,2.0,5.0,35.05,1380,0
11.0,5.0,3.0,100.25,750,1
6.0,1.0,3.0,44.0,390,0
13.0,6.0,3.0,102.8,750,1
4.0,2.0,4.0,50.35,780,0
13.0,5.0,2.0,100.0,1290,1
3.0,1.0,1.0,20.0,570,0
14.0,5.0,1.0,99.85,300,1
10.0,4.0,5.0,94.2,60,1
16.0,7.0,0.0,86.4,2160,0
11.0,4.0,2.0,58.4,540,0
7.0,3.0,3.0,83.85,270,1
11.0,4.0,4.0,88.3,810,1
8.0,4.0,3.0,94.1,720,0
14.0,6.0,3.0,104.05,2070,1
14.0,7.0,3.0,108.9,1380,0
14.0,7.0,2.0,107.4,2160,0
9.0,4.0,3.0,94.7,660,1
9.0,4.0,3.0,90.85,2100,0
3.0,1.0,1.0,19.9,60,0
10.0,4.0,0.0,66.4,930,0
11.0,5.0,4.0,100.65,1680,1
12.0,5.0,3.0,100.7,480,0
5.0,2.0,0.0,25.6,1560,0
3.0,1.0,1.0,19.85,390,0
4.0,1.0,1.0,20.75,1050,0
9.0,4.0,5.0,95.8,1770,0
9.0,4.0,3.0,94.65,2160,0
15.0,6.0,2.0,80.55,1980,1
15.0,7.0,1.0,106.65,1470,0
5.0,1.0,2.0,45.85,60,0
13.0,6.0,3.0,104.35,630,0
10.0,4.0,2.0,55.45,1620,0
6.0,3.0,4.0,78.85,720,1
9.0,4.0,3.0,61.15,30,0
8.0,3.0,3.0,78.95,180,0
3.0,1.0,2.0,44.45,30,1
14.0,7.0,4.0,109.2,1470,0
10.0,4.0,2.0,61.3,1680,0
12.0,5.0,5.0,96.85,1680,0
9.0,3.0,0.0,40.55,180,0
3.0,1.0,3.0,19.8,960,0
15.0,7.0,4.0,108.25,1500,0
14.0,6.0,2.0,105.05,1740,0
18.0,8.0,1.0,90.45,1950,0
18.0,8.0,5.0,86.4,1920,0
12.0,5.0,2.0,66.9,1980,0
17.0,7.0,3.0,110.7,1140,0
5.0,1.0,1.0,20.0,600,0
7.0,3.0,3.0,84.9,1080,1
13.0,6.0,2.0,102.1,1920,0
5.0,1.0,0.0,20.25,30,1
13.0,5.0,0.0,70.15,1800,0
6.0,2.0,3.0,74.35,30,1
16.0,7.0,1.0,80.05,1500,0
11.0,4.0,1.0,62.05,30,1
10.0,4.0,3.0,49.2,2160,0
4.0,1.0,2.0,20.5,1800,0
9.0,3.0,2.0,38.25,1380,0
9.0,4.0,2.0,54.95,2070,0
13.0,5.0,3.0,96.6,930,0
2.0,1.0,0.0,19.9,570,0
5.0,1.0,3.0,19.9,2130,0
9.0,4.0,4.0,84.6,360,0
16.0,6.0,0.0,80.0,1170,1
16.0,7.0,2.0,85.25,1320,0
17.0,7.0,1.0,81.25,1680,0
18.0,8.0,3.0,115.5,2160,0
13.0,6.0,3.0,104.1,150,1
8.0,3.0,7.0,79.0,330,0
7.0,2.0,2.0,39.1,720,1
11.0,4.0,3.0,94.65,450,0
3.0,1.0,1.0,20.8,2160,0
9.0,4.0,2.0,59.5,1680,0
3.0,1.0,2.0,20.05,1920,0
16.0,5.0,5.0,100.45,1020,0
7.0,2.0,4.0,76.5,60,1
4.0,1.0,0.0,20.6,1050,0
3.0,1.0,0.0,20.3,660,0
4.0,2.0,1.0,49.2,150,1
8.0,3.0,5.0,39.55,270,0
4.0,2.0,0.0,23.15,330,1
4.0,1.0,0.0,20.45,690,0
4.0,2.0,4.0,80.85,120,1
6.0,2.0,0.0,25.25,2040,0
7.0,3.0,4.0,91.25,990,0
14.0,6.0,1.0,72.45,930,0
11.0,4.0,0.0,60.1,30,1
5.0,1.0,0.0,19.7,1680,0
5.0,2.0,4.0,78.95,30,1
15.0,6.0,3.0,75.1,1980,0
6.0,2.0,1.0,25.0,2160,0
5.0,1.0,5.0,69.15,1020,0
9.0,4.0,4.0,91.55,1740,0
3.0,1.0,2.0,45.15,60,1
5.0,1.0,2.0,35.8,1110,0
18.0,8.0,2.0,113.15,2130,0
7.0,1.0,0.0,19.85,30,0
6.0,1.0,1.0,19.8,2130,0
3.0,1.0,1.0,19.9,1050,0
3.0,1.0,0.0,19.7,180,0
5.0,2.0,4.0,79.4,90,1
8.0,4.0,1.0,59.1,2070,0
10.0,4.0,3.0,53.95,1320,1
9.0,4.0,3.0,91.15,1590,0
10.0,5.0,4.0,99.3,720,1
4.0,1.0,4.0,68.95,150,0
6.0,2.0,3.0,51.55,60,0
8.0,2.0,2.0,24.4,1860,0
9.0,4.0,5.0,96.8,570,0
4.0,1.0,3.0,70.05,270,0
2.0,1.0,1.0,19.5,1590,0
6.0,2.0,5.0,78.75,150,0
12.0,5.0,3.0,69.2,2130,0
4.0,1.0,0.0,19.55,30,0
9.0,3.0,3.0,80.65,540,1
14.0,6.0,4.0,103.65,2160,0
7.0,3.0,2.0,54.7,120,0
6.0,3.0,3.0,54.15,1770,0
4.0,1.0,3.0,71.1,30,1
8.0,3.0,3.0,84.85,930,0
3.0,1.0,1.0,20.0,90,0
12.0,6.0,3.0,106.25,1950,1
14.0,5.0,3.0,99.25,1470,0
3.0,1.0,0.0,19.35,60,0
3.0,1.0,1.0,20.8,1590,1
10.0,4.0,3.0,94.75,1650,0
18.0,8.0,1.0,114.05,2160,0
4.0,2.0,4.0,74.9,1080,0
3.0,1.0,1.0,19.8,300,0
8.0,4.0,4.0,94.0,30,1
16.0,7.0,1.0,80.85,2160,0
9.0,3.0,1.0,54.65,840,0
11.0,4.0,7.0,91.7,1140,0
18.0,8.0,1.0,118.6,1830,0
6.0,2.0,1.0,24.55,1560,0
4.0,1.0,1.0,19.45,2010,0
20.0,8.0,5.0,116.15,1020,0
13.0,6.0,0.0,80.6,1620,0
4.0,1.0,0.0,20.3,30,0
9.0,4.0,3.0,89.85,450,1
2.0,1.0,5.0,46.0,120,1
10.0,4.0,0.0,66.25,270,1
14.0,5.0,3.0,99.8,1380,0
8.0,4.0,1.0,90.0,660,1
5.0,1.0,3.0,70.45,1140,1
14.0,6.0,1.0,75.0,1650,0
5.0,1.0,0.0,19.9,30,0
9.0,3.0,3.0,80.3,1920,0
5.0,1.0,1.0,19.75,1590,1
17.0,7.0,1.0,84.3,1740,0
10.0,4.0,1.0,54.05,1680,0
12.0,6.0,3.0,104.9,2160,0
10.0,3.0,1.0,53.95,30,1
10.0,5.0,4.0,97.25,2160,0
9.0,3.0,4.0,83.05,660,0
14.0,6.0,3.0,105.5,240,1
6.0,2.0,4.0,81.0,480,1
8.0,3.0,0.0,41.1,1170,0
3.0,1.0,4.0,45.0,360,0
13.0,5.0,3.0,74.55,1620,0
9.0,3.0,1.0,40.2,540,0
13.0,5.0,0.0,70.5,960,0
4.0,1.0,3.0,19.75,1230,0
4.0,2.0,2.0,24.65,2010,0
12.0,6.0,5.0,104.25,1950,0
18.0,7.0,1.0,78.35,750,0
6.0,1.0,4.0,69.8,30,1
18.0,7.0,2.0,109.7,2010,0
8.0,2.0,4.0,73.75,210,1
7.0,2.0,3.0,33.45,1290,0
10.0,4.0,3.0,94.6,720,0
9.0,3.0,2.0,54.55,270,1
4.0,1.0,1.0,20.2,2070,0
3.0,1.0,0.0,20.3,1110,0
8.0,3.0,0.0,39.4,600,0
5.0,1.0,3.0,69.15,210,0
6.0,2.0,5.0,76.25,1110,1
10.0,4.0,6.0,93.9,150,1
7.0,3.0,3.0,51.35,1230,0
13.0,5.0,4.0,100.05,1620,0
3.0,1.0,5.0,70.4,90,1
2.0,1.0,2.0,20.3,2070,0
12.0,5.0,1.0,94.45,1590,0
10.0,3.0,4.0,46.4,540,0
12.0,6.0,2.0,104.05,1920,0
9.0,4.0,3.0,91.15,930,1
1.0,0.0,2.0,24.9,600,0
10.0,4.0,0.0,59.6,1710,0
17.0,7.0,4.0,108.5,1890,0
8.0,3.0,2.0,40.55,390,0
8.0,3.0,2.0,58.95,1440,0
2.0,1.0,3.0,70.95,60,1
2.0,1.0,1.0,20.75,1710,0
15.0,7.0,1.0,113.15,2130,0
7.0,2.0,4.0,48.8,210,0
7.0,3.0,3.0,63.05,480,0
12.0,5.0,5.0,100.85,1020,0
11.0,5.0,4.0,99.5,1110,1
7.0,3.0,3.0,80.55,480,0
12.0,5.0,3.0,64.4,1440,0
12.0,5.0,0.0,75.2,1740,0
16.0,7.0,0.0,84.9,2160,0
2.0,1.0,1.0,19.3,210,0
10.0,4.0,4.0,83.9,1140,1
16.0,8.0,1.0,117.45,1440,1
15.0,6.0,6.0,104.4,300,1
13.0,6.0,0.0,74.65,900,0
7.0,3.0,4.0,59.05,930,0
13.0,5.0,1.0,69.1,1380,0
5.0,1.0,5.0,20.55,1500,0
5.0,2.0,2.0,76.55,840,0
13.0,6.0,1.0,62.5,1980,0
3.0,1.0,3.0,29.4,240,1
9.0,4.0,5.0,94.9,1230,0
16.0,7.0,2.0,111.65,2160,0
5.0,1.0,1.0,19.9,210,0
5.0,1.0,1.0,20.45,1140,0
13.0,6.0,3.0,106.05,1320,0
20.0,8.0,2.0,113.45,1410,0
11.0,4.0,2.0,92.55,1590,0
10.0,4.0,3.0,65.6,120,0
8.0,3.0,3.0,84.35,600,0
6.0,1.0,2.0,44.65,60,1
14.0,5.0,3.0,71.1,1710,0
8.0,4.0,3.0,85.15,1320,0
8.0,2.0,2.0,49.7,720,0
4.0,1.0,2.0,30.2,450,0
2.0,0.0,2.0,25.25,90,1
10.0,4.0,3.0,84.05,120,1
7.0,3.0,3.0,85.7,1110,1
6.0,2.0,4.0,74.7,30,1
7.0,3.0,1.0,56.35,720,0
9.0,4.0,5.0,90.8,150,1
14.0,6.0,3.0,107.55,990,0
2.0,1.0,0.0,19.85,1740,0
12.0,5.0,3.0,95.9,2160,0
8.0,2.0,0.0,23.85,2130,0
14.0,6.0,4.0,106.15,840,1
15.0,7.0,0.0,83.85,1530,0
15.0,7.0,2.0,85.35,900,1
11.0,4.0,2.0,84.8,2160,0
9.0,4.0,3.0,90.85,1080,1
12.0,6.0,1.0,76.1,420,0
13.0,6.0,1.0,74.55,2160,0
8.0,2.0,3.0,39.2,660,0
10.0,3.0,4.0,79.55,60,0
6.0,1.0,0.0,19.6,450,0
5.0,1.0,2.0,19.55,1530,0
8.0,3.0,0.0,39.15,2100,0
5.0,1.0,0.0,20.1,2130,0
13.0,5.0,2.0,99.95,1170,0
10.0,4.0,4.0,59.8,1830,0
5.0,2.0,3.0,49.75,1560,0
3.0,1.0,3.0,35.75,30,1
16.0,7.0,3.0,108.5,1920,0
13.0,4.0,1.0,60.15,1860,0
3.0,1.0,2.0,19.05,900,0
4.0,1.0,2.0,46.0,120,1
15.0,7.0,0.0,84.0,1890,0
3.0,1.0,3.0,44.55,30,0
15.0,6.0,2.0,103.45,450,0
10.0,3.0,4.0,80.65,810,0
11.0,5.0,2.0,57.2,120,0
15.0,7.0,4.0,110.75,2160,0
5.0,2.0,0.0,24.7,1350,0
15.0,6.0,1.0,97.05,1350,0
13.0,6.0,0.0,76.35,1080,0
8.0,4.0,5.0,89.4,510,1
4.0,1.0,2.0,18.9,30,0
7.0,2.0,5.0,74.45,480,0
2.0,1.0,0.0,19.8,90,1
8.0,2.0,2.0,50.9,120,1
15.0,7.0,0.0,84.4,2130,0
6.0,2.0,1.0,24.4,300,0
2.0,1.0,2.0,20.05,600,0
8.0,2.0,4.0,81.0,120,1
13.0,5.0,3.0,98.35,780,1
6.0,2.0,3.0,55.5,120,0
8.0,3.0,2.0,51.0,150,1
8.0,4.0,5.0,91.65,120,1
6.0,3.0,5.0,84.3,870,0
14.0,5.0,3.0,100.2,60,0
3.0,1.0,1.0,19.4,870,0
10.0,3.0,3.0,90.85,30,1
4.0,1.0,5.0,69.4,30,1
8.0,4.0,3.0,94.45,240,1
2.0,1.0,0.0,20.4,390,0
12.0,5.0,4.0,94.75,1770,0
3.0,1.0,2.0,20.15,30,1
10.0,4.0,6.0,95.7,1500,1
3.0,1.0,5.0,44.35,540,0
13.0,5.0,3.0,74.55,510,0
11.0,5.0,2.0,73.6,1410,0
6.0,2.0,4.0,74.95,780,1
8.0,3.0,3.0,47.95,180,1
6.0,2.0,4.0,50.1,570,0
9.0,4.0,0.0,63.6,90,1
9.0,4.0,3.0,53.0,2040,0
5.0,1.0,3.0,19.85,60,0
2.0,0.0,2.0,24.35,210,0
4.0,1.0,1.0,19.55,540,0
7.0,2.0,0.0,25.05,2130,0
11.0,5.0,4.0,93.8,390,0
7.0,2.0,0.0,36.85,90,1
13.0,6.0,4.0,103.75,2160,0
9.0,4.0,4.0,56.75,1980,0
4.0,1.0,2.0,20.8,720,0
3.0,1.0,2.0,44.1,30,1
7.0,2.0,2.0,24.45,1680,0
5.0,2.0,3.0,25.6,660,0
8.0,3.0,2.0,50.75,420,1
13.0,6.0,4.0,104.4,1830,1
5.0,2.0,5.0,39.3,1200,1
11.0,4.0,3.0,59.65,1260,0
18.0,7.0,0.0,83.3,2160,0
8.0,3.0,3.0,79.55,360,0
7.0,2.0,0.0,24.45,2130,0
5.0,1.0,2.0,19.2,780,0
4.0,1.0,4.0,29.8,210,0
4.0,1.0,3.0,45.5,180,0
15.0,6.0,3.0,106.45,1740,1
4.0,1.0,3.0,30.05,1530,0
13.0,6.0,0.0,65.65,2160,0
14.0,4.0,4.0,96.05,540,1
6.0,2.0,7.0,75.1,210,1
14.0,6.0,1.0,74.05,1410,0
3.0,1.0,3.0,44.7,60,1
14.0,7.0,1.0,110.75,1860,0
4.0,1.0,1.0,19.7,480,0
6.0,2.0,2.0,49.5,180,0
8.0,3.0,2.0,55.0,570,1
8.0,3.0,2.0,43.95,2070,0
5.0,2.0,4.0,74.35,330,1
21.0,7.0,1.0,111.15,1920,0
16.0,6.0,4.0,104.7,1170,1
9.0,3.0,3.0,55.7,450,1
6.0,1.0,1.0,20.6,750,0
4.0,1.0,1.0,19.65,180,0
18.0,8.0,1.0,115.8,1980,0
14.0,7.0,1.0,88.65,1830,0
15.0,5.0,3.0,94.5,1290,0
3.0,1.0,1.0,20.1,360,0
5.0,1.0,2.0,34.65,690,0
11.0,4.0,3.0,52.3,2130,0
9.0,4.0,1.0,65.0,1020,0
2.0,1.0,1.0,19.85,150,1
5.0,2.0,1.0,35.45,1230,0
2.0,1.0,3.0,19.7,2160,0
10.0,4.0,3.0,95.6,420,0
2.0,1.0,1.0,19.85,1230,0
6.0,3.0,6.0,81.85,690,0
17.0,7.0,4.0,109.3,2130,0
4.0,1.0,3.0,70.3,30,1
6.0,2.0,1.0,25.4,2160,0
4.0,1.0,5.0,69.8,180,0
5.0,1.0,1.0,20.0,690,0
7.0,3.0,3.0,85.55,300,1
16.0,7.0,1.0,109.9,2160,0
4.0,2.0,2.0,50.3,210,0
8.0,4.0,4.0,94.5,180,1
15.0,5.0,2.0,101.5,270,0
10.0,4.0,4.0,89.15,360,0
3.0,1.0,0.0,19.4,30,0
3.0,1.0,2.0,29.9,1440,0
4.0,2.0,4.0,78.8,600,0
8.0,3.0,5.0,85.35,480,1
5.0,2.0,4.0,79.65,60,1
3.0,1.0,3.0,19.3,300,0
8.0,2.0,4.0,79.6,60,1
12.0,5.0,1.0,96.8,600,0
3.0,1.0,0.0,20.65,600,0
3.0,1.0,0.0,19.8,570,0
9.0,4.0,3.0,90.6,570,1
15.0,6.0,2.0,104.6,660,0
9.0,3.0,4.0,80.05,1050,0
2.0,1.0,2.0,45.15,30,0
6.0,2.0,4.0,73.15,1170,0
12.0,5.0,1.0,99.1,1620,0
3.0,1.0,0.0,20.2,30,1
13.0,6.0,3.0,106.05,1980,1
12.0,6.0,2.0,105.35,1680,0
2.0,1.0,3.0,45.65,540,0
8.0,3.0,4.0,79.95,480,0
9.0,3.0,2.0,54.45,2040,0
5.0,2.0,0.0,25.1,1590,0
16.0,7.0,3.0,84.7,2160,0
6.0,2.0,4.0,75.85,270,0
6.0,2.0,3.0,48.8,900,0
11.0,5.0,4.0,99.15,1080,1
7.0,2.0,1.0,35.2,540,0
12.0,6.0,1.0,76.25,1650,0
11.0,4.0,2.0,55.9,1170,1
8.0,3.0,5.0,82.35,630,1
7.0,3.0,1.0,40.4,60,1
5.0,2.0,3.0,24.9,990,0
10.0,4.0,2.0,54.3,1320,0
9.0,4.0,1.0,66.3,900,0
4.0,1.0,3.0,20.9,2130,0
7.0,2.0,3.0,75.35,120,1
7.0,3.0,3.0,85.15,1050,1
6.0,2.0,4.0,75.35,30,0
15.0,6.0,3.0,104.45,690,0
9.0,3.0,4.0,49.45,660,0
6.0,1.0,3.0,19.45,1470,0
9.0,4.0,3.0,92.15,1260,0
10.0,4.0,4.0,93.8,990,1
5.0,1.0,0.0,19.85,210,0
13.0,6.0,2.0,100.25,2010,0
10.0,5.0,2.0,95.7,450,0
10.0,5.0,6.0,93.15,2010,0
10.0,5.0,2.0,69.7,1590,0
2.0,1.0,1.0,19.8,630,0
14.0,5.0,0.0,71.35,1200,0
3.0,1.0,0.0,20.75,660,0
6.0,2.0,0.0,40.6,1170,0
2.0,1.0,0.0,20.4,1350,1
5.0,1.0,0.0,20.35,60,0
2.0,1.0,0.0,19.75,1710,0
5.0,2.0,3.0,54.4,240,0
10.0,5.0,4.0,94.7,210,1
2.0,1.0,5.0,30.5,180,1
3.0,1.0,0.0,20.45,210,0
11.0,4.0,4.0,66.15,1470,0
10.0,5.0,2.0,89.85,1950,0
3.0,1.0,3.0,45.05,1650,0
18.0,8.0,1.0,86.85,2130,0
18.0,6.0,1.0,96.75,1050,0
6.0,2.0,5.0,77.0,90,1
4.0,1.0,0.0,20.1,330,1
6.0,2.0,3.0,75.3,30,1
16.0,7.0,4.0,106.65,510,0
16.0,7.0,3.0,110.15,2160,0
10.0,3.0,4.0,82.85,840,0
4.0,1.0,2.0,20.1,540,0
11.0,5.0,1.0,99.2,1200,1
7.0,3.0,2.0,59.45,1560,0
9.0,3.0,3.0,58.6,1410,0
5.0,2.0,2.0,49.7,690,0
13.0,5.0,2.0,65.85,1980,0
7.0,2.0,6.0,73.5,240,0
7.0,3.0,4.0,85.5,1410,1
2.0,1.0,1.0,20.05,210,1
18.0,8.0,1.0,113.65,2130,0
11.0,4.0,4.0,83.4,1500,0
10.0,5.0,2.0,65.65,1380,0
4.0,1.0,4.0,70.4,30,1
12.0,5.0,0.0,61.35,1980,0
12.0,4.0,3.0,85.9,1260,0
4.0,2.0,2.0,75.65,150,0
6.0,2.0,2.0,49.75,210,1
12.0,5.0,2.0,70.9,870,0
6.0,2.0,3.0,49.85,810,0
6.0,2.0,4.0,75.3,450,1
3.0,1.0,2.0,20.1,750,0
8.0,4.0,3.0,94.0,330,1
15.0,7.0,4.0,103.05,1710,0
18.0,8.0,2.0,118.35,2010,1
10.0,5.0,3.0,99.7,1410,0
5.0,2.0,4.0,81.9,390,0
5.0,1.0,2.0,30.45,240,1
10.0,4.0,3.0,96.1,1320,1
9.0,4.0,2.0,66.2,2130,0
14.0,6.0,4.0,104.25,720,1
6.0,3.0,3.0,80.2,450,1
7.0,1.0,0.0,19.75,30,0
6.0,2.0,3.0,72.6,60,0
17.0,8.0,2.0,116.5,1650,0
14.0,6.0,2.0,106.8,2130,0
5.0,2.0,0.0,24.95,1500,0
9.0,3.0,5.0,89.25,30,0
7.0,1.0,2.0,19.25,150,0
19.0,7.0,4.0,104.55,1980,0
19.0,7.0,1.0,87.2,1470,0
3.0,1.0,2.0,30.75,90,0
9.0,2.0,0.0,25.7,1980,0
8.0,3.0,3.0,86.2,330,0
5.0,1.0,2.0,30.1,840,0
14.0,6.0,3.0,99.35,1950,0
4.0,1.0,2.0,19.2,1860,0
3.0,1.0,3.0,20.1,60,0
3.0,1.0,1.0,20.35,60,0
6.0,2.0,1.0,25.65,1650,0
8.0,4.0,3.0,94.55,1230,0
18.0,6.0,3.0,104.2,510,1
12.0,4.0,2.0,94.4,900,0
6.0,3.0,2.0,56.1,510,0
11.0,5.0,0.0,68.25,480,0
4.0,2.0,3.0,24.75,2160,0
4.0,2.0,4.0,76.25,270,0
7.0,2.0,4.0,74.35,30,0
10.0,3.0,1.0,54.15,690,0
5.0,1.0,1.0,19.45,240,0
4.0,2.0,3.0,34.95,570,0
7.0,3.0,3.0,53.65,210,0
3.0,1.0,3.0,69.65,30,1
14.0,6.0,3.0,104.0,1830,0
14.0,5.0,1.0,70.35,1710,0
4.0,2.0,5.0,80.8,270,1
9.0,4.0,3.0,64.85,450,0
3.0,1.0,1.0,19.65,30,0
3.0,1.0,4.0,45.9,360,0
2.0,1.0,0.0,20.0,1620,0
6.0,1.0,2.0,44.8,120,0
7.0,2.0,4.0,80.3,210,1
4.0,1.0,0.0,20.35,600,0
8.0,3.0,1.0,45.8,780,0
9.0,3.0,6.0,84.1,1080,1
16.0,7.0,1.0,108.95,1590,0
10.0,4.0,1.0,69.35,90,1
17.0,6.0,0.0,64.35,2040,0
18.0,8.0,0.0,90.8,2160,0
6.0,2.0,0.0,24.95,360,0
9.0,3.0,3.0,79.6,1020,1
9.0,4.0,4.0,84.7,2040,0
11.0,5.0,0.0,70.8,1500,0
5.0,1.0,4.0,36.45,30,1
12.0,6.0,3.0,104.4,1230,0
11.0,5.0,4.0,101.5,900,0
10.0,3.0,2.0,54.3,30,0
13.0,5.0,4.0,103.95,870,0
18.0,8.0,3.0,91.1,690,0
6.0,1.0,0.0,19.95,1800,0
6.0,2.0,2.0,26.45,2160,0
9.0,4.0,3.0,89.4,660,1
14.0,6.0,0.0,75.1,2160,0
14.0,6.0,4.0,108.1,1980,0
15.0,7.0,3.0,110.15,2160,0
12.0,3.0,5.0,80.35,1410,1
16.0,7.0,2.0,111.5,1530,0
16.0,6.0,4.0,106.5,2100,0
5.0,1.0,1.0,19.9,270,0
18.0,7.0,1.0,111.1,1770,0
9.0,4.0,1.0,70.7,90,0
4.0,0.0,4.0,24.85,1140,0
11.0,5.0,4.0,91.2,1110,0
11.0,5.0,0.0,65.6,1110,0
4.0,2.0,4.0,40.65,720,1
9.0,4.0,1.0,59.45,420,0
17.0,7.0,2.0,109.95,2160,0
10.0,5.0,2.0,60.45,1590,1
9.0,3.0,5.0,84.9,240,1
6.0,3.0,3.0,38.5,2160,0
10.0,4.0,3.0,92.55,510,0
7.0,2.0,4.0,73.55,60,1
7.0,1.0,2.0,20.15,240,1
6.0,2.0,4.0,34.7,1440,1
5.0,2.0,1.0,24.5,300,0
7.0,1.0,1.0,19.7,0,0
3.0,1.0,1.0,20.6,30,0
13.0,4.0,1.0,58.0,870,0
15.0,6.0,3.0,107.45,1950,0
10.0,5.0,3.0,65.5,240,0
4.0,2.0,1.0,25.45,1830,0
12.0,5.0,4.0,100.15,1350,0
15.0,6.0,3.0,104.45,2160,0
4.0,1.0,1.0,21.15,360,0
8.0,4.0,5.0,96.2,210,0
3.0,1.0,2.0,44.4,270,0
15.0,6.0,4.0,107.55,1290,1
12.0,5.0,2.0,94.35,1740,0
15.0,5.0,5.0,98.75,480,1
6.0,1.0,1.0,20.3,60,0
11.0,5.0,4.0,101.15,240,1
14.0,6.0,4.0,105.75,1200,0
8.0,3.0,5.0,81.15,270,0
11.0,4.0,1.0,89.55,1230,0
7.0,3.0,3.0,54.75,780,0
8.0,3.0,1.0,53.75,990,0
15.0,6.0,2.0,105.75,2040,0
12.0,6.0,1.0,105.85,1950,0
10.0,4.0,0.0,64.2,1650,0
10.0,4.0,4.0,88.7,600,1
8.0,3.0,3.0,87.7,570,0
9.0,4.0,4.0,89.3,1350,0
3.0,1.0,1.0,20.15,2100,0
8.0,2.0,4.0,79.75,60,1
9.0,4.0,4.0,94.55,810,1
4.0,1.0,1.0,20.05,360,0
12.0,6.0,1.0,67.2,2160,0
9.0,4.0,5.0,94.55,360,0
3.0,1.0,5.0,69.05,150,1
15.0,7.0,4.0,107.5,2130,0
10.0,5.0,1.0,73.0,1050,0
17.0,8.0,2.0,114.75,2100,0
6.0,2.0,3.0,76.05,930,0
10.0,5.0,2.0,96.25,1560,1
11.0,5.0,3.0,101.1,1110,1
14.0,6.0,6.0,104.7,2070,1
6.0,2.0,4.0,77.9,900,0
9.0,4.0,3.0,90.65,990,0
18.0,7.0,2.0,110.45,1620,0
12.0,5.0,0.0,68.7,1770,0
10.0,3.0,4.0,44.85,1650,0
3.0,1.0,4.0,29.8,2070,0
10.0,4.0,5.0,88.9,1980,0
12.0,4.0,2.0,58.75,1110,0
4.0,1.0,2.0,19.85,270,0
19.0,7.0,0.0,86.9,2070,0
8.0,3.0,6.0,59.65,300,0
7.0,3.0,3.0,55.25,1200,1
7.0,3.0,2.0,66.4,390,0
9.0,4.0,5.0,90.1,180,1
4.0,1.0,1.0,20.15,2070,0
15.0,7.0,1.0,108.1,1980,0
8.0,3.0,2.0,53.75,330,1
12.0,4.0,0.0,56.9,1380,0
8.0,3.0,3.0,89.3,180,1
19.0,7.0,2.0,109.6,1680,0
7.0,2.0,0.0,25.15,2100,0
16.0,6.0,1.0,79.15,990,0
11.0,5.0,0.0,66.75,2160,0
9.0,4.0,5.0,95.2,90,1
6.0,2.0,0.0,48.8,570,0
5.0,2.0,5.0,45.7,150,1
15.0,6.0,1.0,80.7,2130,0
6.0,2.0,3.0,74.5,240,1
2.0,1.0,1.0,20.55,30,0
4.0,2.0,3.0,79.65,30,1
16.0,8.0,3.0,115.1,1830,0
12.0,5.0,1.0,59.7,2130,0
10.0,4.0,4.0,86.45,2040,0
5.0,2.0,0.0,33.7,1380,0
9.0,3.0,4.0,80.1,990,0
15.0,7.0,2.0,104.05,1590,0
16.0,7.0,3.0,108.75,1500,0
7.0,3.0,1.0,41.1,1710,0
4.0,1.0,0.0,20.35,1620,0
14.0,6.0,7.0,105.9,1800,0
11.0,5.0,2.0,101.3,840,1
6.0,2.0,4.0,80.05,30,1
8.0,4.0,9.0,89.2,870,1
11.0,4.0,0.0,65.5,300,0
7.0,3.0,3.0,40.45,1290,0
5.0,1.0,4.0,70.45,390,0
16.0,6.0,3.0,78.8,1290,0
7.0,3.0,4.0,83.65,570,1
11.0,3.0,3.0,90.1,30,0
12.0,6.0,2.0,82.45,2070,0
5.0,1.0,2.0,20.25,1830,0
13.0,5.0,1.0,66.25,1290,0
4.0,1.0,0.0,19.5,180,1
5.0,2.0,0.0,51.25,30,1
6.0,3.0,4.0,89.7,1680,0
17.0,6.0,0.0,64.55,2100,0
2.0,1.0,4.0,45.6,30,1
10.0,5.0,3.0,93.65,1470,0
5.0,2.0,1.0,49.65,180,1
14.0,6.0,2.0,73.6,960,0
15.0,7.0,1.0,109.75,2160,0
13.0,4.0,0.0,61.45,1110,0
13.0,6.0,1.0,106.4,2070,0
14.0,6.0,0.0,81.9,780,0
15.0,6.0,4.0,105.2,1740,0
7.0,3.0,1.0,54.6,720,0
3.0,1.0,0.0,20.55,150,0
3.0,1.0,0.0,20.0,450,1
4.0,1.0,0.0,19.7,900,0
11.0,5.0,0.0,66.05,1650,0
4.0,1.0,3.0,34.0,750,1
12.0,5.0,2.0,92.5,300,1
14.0,5.0,1.0,54.05,1320,0
9.0,4.0,1.0,58.9,1410,0
9.0,3.0,3.0,88.35,390,1
17.0,7.0,2.0,107.95,1470,1
13.0,5.0,2.0,96.9,1920,0
5.0,1.0,1.0,19.1,30,0
4.0,2.0,2.0,50.0,600,0
6.0,3.0,1.0,45.4,1110,0
8.0,3.0,5.0,85.45,900,0
16.0,7.0,4.0,84.1,1140,0
4.0,2.0,4.0,74.45,30,1
7.0,3.0,5.0,64.75,1110,1
12.0,6.0,1.0,66.25,1560,0
13.0,6.0,0.0,76.9,2130,0
9.0,4.0,3.0,89.8,780,1
12.0,6.0,3.0,74.6,1980,0
17.0,8.0,1.0,116.95,2160,0
6.0,2.0,4.0,40.65,750,0
21.0,8.0,3.0,114.35,2070,0
10.0,5.0,3.0,69.7,1590,0
8.0,4.0,3.0,95.5,360,1
13.0,5.0,2.0,98.65,780,0
12.0,3.0,3.0,61.65,630,0
8.0,3.0,5.0,89.35,30,0
11.0,5.0,2.0,95.4,1440,0
5.0,2.0,3.0,35.4,780,0
3.0,1.0,1.0,19.95,1800,0
4.0,1.0,0.0,19.25,540,0
4.0,1.0,0.0,29.65,300,1
9.0,4.0,5.0,84.5,150,1
2.0,1.0,2.0,20.4,120,0
6.0,2.0,1.0,24.75,1950,0
9.0,2.0,0.0,25.35,2100,0
12.0,4.0,7.0,90.7,540,1
3.0,1.0,1.0,20.0,1860,0
9.0,3.0,4.0,59.75,1980,0
16.0,7.0,1.0,82.5,1950,0
4.0,1.0,3.0,70.3,90,1
5.0,1.0,2.0,20.35,1020,0
9.0,4.0,5.0,90.8,480,0
18.0,6.0,3.0,103.95,1620,1
17.0,6.0,3.0,104.95,1500,0
14.0,6.0,2.0,105.25,2130,0
7.0,2.0,4.0,74.75,300,1
6.0,2.0,0.0,50.8,30,1
4.0,2.0,2.0,23.75,540,0
6.0,3.0,0.0,61.3,120,0
13.0,6.0,3.0,75.8,1740,0
13.0,5.0,5.0,98.0,1680,0
6.0,2.0,3.0,80.25,60,1
8.0,3.0,4.0,78.9,960,1
12.0,4.0,2.0,52.0,1680,0
6.0,3.0,3.0,84.75,1080,1
10.0,4.0,0.0,64.4,120,0
6.0,3.0,3.0,85.45,1590,1
9.0,1.0,5.0,45.8,300,0
3.0,1.0,2.0,30.5,120,0
3.0,1.0,1.0,19.9,30,1
6.0,1.0,4.0,69.15,1530,0
13.0,5.0,4.0,99.45,360,1
8.0,3.0,2.0,49.25,180,0
7.0,3.0,1.0,39.35,1890,0
3.0,1.0,5.0,70.6,30,1
14.0,6.0,2.0,105.1,1440,0
5.0,2.0,3.0,81.0,150,1
5.0,1.0,6.0,20.1,1050,0
8.0,3.0,4.0,84.85,180,1
2.0,1.0,2.0,19.75,60,0
4.0,1.0,1.0,19.75,1500,0
4.0,1.0,4.0,70.4,990,0
5.0,1.0,2.0,20.45,930,0
3.0,1.0,0.0,20.35,270,0
19.0,7.0,0.0,86.2,1620,0
12.0,5.0,3.0,95.65,1380,0
13.0,6.0,4.0,103.8,1020,0
12.0,5.0,4.0,97.2,2130,0
12.0,5.0,0.0,63.55,1890,0
6.0,2.0,0.0,24.95,1530,0
9.0,4.0,3.0,89.15,780,1
11.0,5.0,6.0,99.0,1920,0
2.0,0.0,2.0,24.8,30,1
11.0,4.0,3.0,85.55,1830,0
12.0,4.0,4.0,94.0,450,0
13.0,6.0,1.0,105.65,1920,1
5.0,2.0,3.0,50.3,540,0
10.0,4.0,4.0,95.0,1710,0
8.0,4.0,3.0,61.4,420,0
9.0,3.0,4.0,80.55,540,0
10.0,3.0,6.0,78.5,2160,0
18.0,8.0,2.0,114.3,2100,0
4.0,1.0,0.0,20.05,1140,0
14.0,5.0,1.0,62.65,2040,0
4.0,2.0,4.0,80.85,390,1
12.0,5.0,5.0,92.7,1950,0
11.0,5.0,4.0,100.45,900,0
11.0,5.0,1.0,75.2,1530,0
8.0,4.0,6.0,84.75,930,0
8.0,3.0,3.0,89.45,270,1
18.0,7.0,0.0,79.5,2160,0
10.0,4.0,2.0,72.15,300,1
4.0,1.0,0.0,19.8,1110,0
10.0,5.0,1.0,76.4,60,1
13.0,5.0,5.0,100.9,1650,0
11.0,5.0,4.0,95.3,990,0
11.0,4.0,2.0,90.95,1380,0
12.0,3.0,1.0,54.5,30,0
10.0,3.0,5.0,61.6,600,1
6.0,3.0,3.0,79.9,270,1
9.0,4.0,5.0,96.15,960,1
5.0,2.0,2.0,49.6,570,0
12.0,5.0,0.0,65.3,2100,1
7.0,2.0,1.0,25.0,1830,0
2.0,1.0,3.0,45.45,780,0
17.0,6.0,6.0,107.75,1350,0
8.0,4.0,3.0,89.1,1860,0
8.0,1.0,1.0,19.65,30,1
2.0,1.0,3.0,44.75,90,0
14.0,6.0,3.0,101.6,1230,0
16.0,6.0,2.0,103.15,2010,0
9.0,3.0,4.0,84.65,30,1
11.0,5.0,4.0,95.65,2130,0
13.0,5.0,3.0,75.1,1110,0
11.0,4.0,0.0,61.35,1800,0
4.0,1.0,5.0,69.55,30,1
5.0,1.0,0.0,19.7,180,0
3.0,1.0,3.0,31.05,390,1
5.0,2.0,3.0,51.0,330,0
6.0,2.0,3.0,51.0,210,1
6.0,3.0,3.0,88.85,300,0
5.0,1.0,0.0,20.05,1020,0
9.0,4.0,0.0,65.1,1860,0
14.0,5.0,2.0,70.15,1920,0
4.0,1.0,5.0,44.35,30,1
6.0,1.0,1.0,20.75,750,0
7.0,3.0,2.0,56.05,780,0
2.0,1.0,0.0,19.95,300,0
13.0,6.0,4.0,98.6,1590,0
7.0,2.0,4.0,79.7,210,1
8.0,3.0,4.0,79.0,990,0
11.0,4.0,3.0,89.45,2130,0
6.0,2.0,3.0,74.2,870,0
12.0,6.0,1.0,81.0,720,0
6.0,2.0,3.0,49.6,600,0
7.0,3.0,3.0,84.6,30,0
7.0,3.0,3.0,55.0,1620,1
8.0,3.0,5.0,84.85,150,1
16.0,7.0,0.0,84.2,2160,0
14.0,7.0,2.0,106.3,1560,0
5.0,1.0,5.0,69.05,270,0
3.0,1.0,2.0,45.4,30,0
6.0,2.0,5.0,73.65,30,1
12.0,5.0,2.0,73.9,990,1
8.0,3.0,4.0,77.75,1650,1
11.0,5.0,1.0,99.35,2070,0
6.0,2.0,3.0,50.75,30,0
18.0,7.0,1.0,87.1,1620,0
4.0,1.0,0.0,20.15,990,0
17.0,6.0,4.0,98.7,1350,0
3.0,0.0,2.0,25.2,330,0
8.0,3.0,2.0,55.7,180,0
10.0,4.0,2.0,65.35,630,0
6.0,2.0,2.0,25.3,1950,0
11.0,3.0,5.0,84.35,180,1
8.0,3.0,5.0,84.95,240,1
4.0,2.0,1.0,73.85,330,1
11.0,2.0,0.0,24.25,1290,0
10.0,3.0,6.0,51.8,1470,1
3.0,1.0,3.0,46.0,30,1
9.0,2.0,5.0,79.4,450,1
8.0,4.0,4.0,60.5,1800,0
3.0,0.0,5.0,25.1,510,0
2.0,1.0,3.0,71.8,480,1
6.0,1.0,1.0,20.05,1050,0
10.0,4.0,4.0,88.4,1320,1
6.0,1.0,2.0,30.25,360,0
2.0,1.0,0.0,20.2,30,0
9.0,4.0,1.0,59.9,840,0
5.0,2.0,0.0,25.15,2100,0
3.0,1.0,3.0,46.0,150,1
12.0,5.0,4.0,101.3,540,0
16.0,6.0,0.0,76.95,2100,0
10.0,3.0,3.0,55.3,270,0
10.0,5.0,1.0,92.45,2010,0
6.0,2.0,3.0,48.45,30,0
5.0,1.0,1.0,19.35,540,0
5.0,2.0,2.0,51.75,120,1
8.0,4.0,3.0,86.7,2130,0
10.0,5.0,4.0,94.4,900,1
6.0,3.0,3.0,55.7,30,0
10.0,4.0,4.0,84.25,1650,0
9.0,4.0,1.0,64.65,1770,0
3.0,1.0,3.0,70.15,30,1
3.0,1.0,3.0,69.2,210,0
7.0,3.0,0.0,54.65,1350,0
8.0,2.0,0.0,24.75,1620,0
5.0,2.0,1.0,23.95,1530,0
13.0,6.0,5.0,105.0,2160,0
9.0,4.0,1.0,59.85,1320,0
3.0,1.0,1.0,20.05,60,0
11.0,4.0,3.0,92.15,1980,0
8.0,3.0,2.0,44.8,2040,0
4.0,1.0,1.0,20.9,930,0
11.0,4.0,5.0,95.4,630,0
8.0,3.0,3.0,80.35,630,0
15.0,7.0,1.0,85.1,1650,0
5.0,1.0,2.0,34.7,270,1
16.0,8.0,3.0,115.05,2130,0
8.0,2.0,3.0,81.1,30,1
5.0,1.0,1.0,19.95,660,0
5.0,1.0,1.0,20.55,30,1
13.0,6.0,4.0,106.6,1830,1
16.0,7.0,0.0,86.15,2010,0
10.0,3.0,4.0,78.85,420,0
17.0,7.0,1.0,106.75,1770,1
7.0,3.0,4.0,86.55,630,0
6.0,3.0,0.0,42.4,120,0
7.0,3.0,3.0,89.45,90,1
4.0,2.0,2.0,24.25,2100,0
15.0,5.0,1.0,97.9,90,1
4.0,1.0,0.0,20.5,630,0
4.0,1.0,1.0,19.6,600,0
4.0,1.0,1.0,20.25,660,0
4.0,2.0,3.0,55.7,30,1
3.0,1.0,1.0,20.6,1890,0
2.0,1.0,0.0,19.8,2100,0
8.0,3.0,5.0,79.8,390,1
9.0,2.0,5.0,80.2,150,0
17.0,8.0,1.0,116.4,2160,0
3.0,1.0,3.0,31.65,390,0
13.0,5.0,1.0,94.15,1830,0
3.0,1.0,1.0,20.65,30,0
7.0,3.0,1.0,76.85,1680,0
3.0,1.0,2.0,20.15,120,0
8.0,3.0,4.0,55.25,1050,0
7.0,2.0,4.0,39.05,540,1
14.0,6.0,4.0,82.15,2160,0
16.0,7.0,3.0,103.0,1470,0
15.0,6.0,2.0,95.1,1320,0
8.0,3.0,1.0,83.9,90,1
12.0,5.0,3.0,95.15,1110,0
16.0,6.0,2.0,79.8,1830,0
13.0,6.0,0.0,74.8,2100,0
5.0,1.0,6.0,69.85,30,1
6.0,1.0,2.0,20.45,1230,0
16.0,7.0,0.0,78.35,2100,0
7.0,2.0,4.0,53.55,30,1
4.0,1.0,1.0,19.1,1530,0
4.0,1.0,0.0,20.0,1260,0
15.0,6.0,2.0,93.9,2100,1
5.0,1.0,0.0,19.95,1440,0
20.0,8.0,4.0,113.15,2040,1
6.0,2.0,0.0,24.0,1440,0
7.0,3.0,4.0,84.95,780,1
9.0,3.0,4.0,80.5,330,1
3.0,1.0,4.0,19.3,30,1
3.0,1.0,2.0,19.15,810,0
9.0,4.0,5.0,91.3,1380,0
7.0,2.0,3.0,49.65,30,1
8.0,3.0,2.0,54.35,1380,1
3.0,1.0,0.0,19.15,750,0
6.0,3.0,3.0,88.45,120,1
2.0,1.0,1.0,19.75,390,0
14.0,6.0,3.0,75.5,930,0
7.0,3.0,6.0,83.75,690,0
4.0,1.0,2.0,19.4,60,0
6.0,2.0,1.0,26.5,1950,0
9.0,4.0,2.0,90.5,660,1
7.0,1.0,0.0,19.15,1650,0
10.0,5.0,1.0,94.85,270,1
6.0,1.0,3.0,69.95,210,1
7.0,2.0,3.0,40.9,1050,0
15.0,6.0,2.0,80.25,180,0
4.0,2.0,4.0,48.6,30,1
7.0,1.0,5.0,70.8,510,0
8.0,3.0,2.0,60.2,300,0
6.0,3.0,0.0,55.2,450,0
9.0,4.0,2.0,55.8,1200,1
10.0,3.0,1.0,54.15,390,0
8.0,3.0,3.0,80.15,870,1
9.0,2.0,4.0,75.5,90,1
15.0,5.0,1.0,100.4,1740,0
10.0,4.0,0.0,62.55,1350,0
14.0,6.0,1.0,70.45,2160,0
10.0,4.0,3.0,85.5,2040,0
5.0,1.0,0.0,20.2,30,1
8.0,3.0,4.0,54.5,1140,0
2.0,1.0,1.0,20.75,60,0
3.0,1.0,1.0,20.35,330,0
8.0,3.0,5.0,91.0,600,0
14.0,6.0,6.0,104.8,2160,0
5.0,2.0,3.0,74.75,90,1
17.0,6.0,2.0,104.05,690,1
4.0,2.0,4.0,51.1,1200,0
10.0,4.0,5.0,89.8,1860,0
3.0,1.0,1.0,20.55,660,0
10.0,4.0,4.0,64.05,330,0
5.0,2.0,5.0,74.85,210,0
13.0,5.0,3.0,96.65,390,1
5.0,1.0,1.0,20.05,30,1
12.0,6.0,6.0,103.45,1170,1
1.0,0.0,3.0,25.0,90,0
3.0,1.0,0.0,20.3,1740,0
6.0,2.0,1.0,26.35,180,0
9.0,1.0,0.0,19.9,30,1
8.0,3.0,4.0,54.7,660,0
7.0,2.0,4.0,46.35,420,1
11.0,4.0,3.0,90.25,1920,0
3.0,1.0,0.0,19.95,30,1
2.0,1.0,2.0,20.65,180,0
5.0,2.0,3.0,79.6,30,1
5.0,2.0,5.0,25.45,1170,0
3.0,1.0,1.0,19.5,600,0
5.0,2.0,2.0,75.9,30,1
9.0,2.0,3.0,76.2,30,1
13.0,4.0,4.0,66.15,1920,0
4.0,1.0,1.0,19.25,30,1
11.0,4.0,3.0,69.1,1380,0
7.0,2.0,2.0,39.1,840,0
4.0,1.0,1.0,20.05,990,0
8.0,4.0,4.0,59.8,1170,0
10.0,4.0,1.0,84.3,1260,1
6.0,2.0,4.0,48.6,30,0
6.0,2.0,4.0,79.0,210,1
14.0,6.0,3.0,105.35,2100,0
7.0,2.0,1.0,25.1,1950,0
6.0,2.0,7.0,49.75,30,0
11.0,4.0,6.0,94.75,540,0
9.0,4.0,6.0,93.0,720,0
14.0,6.0,2.0,71.9,1890,0
15.0,5.0,3.0,77.55,1320,0
2.0,1.0,2.0,19.85,120,0
3.0,1.0,3.0,70.25,30,1
11.0,4.0,4.0,95.25,1110,0
7.0,3.0,3.0,84.6,300,1
2.0,0.0,3.0,25.05,1020,0
11.0,4.0,4.0,53.15,1050,0
3.0,1.0,1.0,20.15,120,0
12.0,5.0,5.0,101.25,1170,0
15.0,5.0,3.0,100.55,1290,0
7.0,2.0,1.0,24.1,510,1
5.0,2.0,2.0,25.3,1830,0
15.0,6.0,3.0,71.8,1470,0
6.0,1.0,1.0,19.7,120,0
11.0,4.0,1.0,49.85,1920,0
4.0,1.0,3.0,69.6,90,0
6.0,1.0,1.0,19.75,30,0
9.0,3.0,5.0,80.8,1200,0
8.0,4.0,2.0,60.0,30,1
8.0,3.0,4.0,86.55,240,1
3.0,1.0,1.0,20.85,30,1
11.0,4.0,1.0,64.2,1020,0
3.0,1.0,3.0,35.0,30,0
7.0,3.0,4.0,50.75,1170,1
13.0,6.0,1.0,105.5,1740,1
2.0,1.0,1.0,19.2,1350,0
6.0,3.0,4.0,85.15,180,1
12.0,5.0,2.0,90.65,1290,0
5.0,1.0,0.0,20.0,1230,0
5.0,2.0,3.0,74.65,150,0
13.0,5.0,2.0,61.2,2160,0
5.0,1.0,2.0,19.95,120,0
7.0,3.0,1.0,54.8,270,0
13.0,5.0,3.0,73.45,2160,0
5.0,2.0,0.0,51.45,990,0
8.0,3.0,3.0,80.45,2160,0
9.0,3.0,0.0,54.2,660,1
15.0,7.0,2.0,109.5,2100,1
18.0,6.0,6.0,104.4,630,1
11.0,3.0,4.0,85.3,450,0
8.0,3.0,1.0,79.3,870,0
13.0,6.0,0.0,76.5,450,0
13.0,6.0,4.0,105.1,2130,1
5.0,2.0,0.0,25.4,2160,0
6.0,3.0,3.0,86.85,570,0
4.0,1.0,0.0,19.65,30,0
5.0,2.0,6.0,75.7,30,1
3.0,1.0,2.0,45.55,60,0
9.0,3.0,4.0,78.1,330,0
3.0,1.0,1.0,19.3,360,0
18.0,7.0,2.0,110.5,2100,0
10.0,4.0,4.0,90.8,600,1
3.0,1.0,1.0,20.3,690,0
14.0,7.0,2.0,81.35,1470,0
12.0,5.0,3.0,97.95,120,1
14.0,7.0,2.0,108.15,960,1
6.0,2.0,3.0,55.3,60,0
9.0,4.0,3.0,56.55,2070,0
4.0,2.0,4.0,80.5,180,1
3.0,1.0,0.0,19.7,720,0
13.0,6.0,3.0,104.05,960,0
8.0,3.0,3.0,52.85,810,0
14.0,6.0,2.0,104.3,810,1
6.0,3.0,1.0,80.65,1740,0
3.0,1.0,4.0,71.35,30,1
8.0,2.0,4.0,24.65,540,0
3.0,1.0,0.0,21.3,1410,0
14.0,7.0,3.0,110.2,2100,0
12.0,5.0,1.0,89.4,390,1
7.0,2.0,2.0,51.05,1080,0
7.0,1.0,1.0,19.8,2010,0
5.0,1.0,1.0,19.9,300,0
8.0,3.0,4.0,87.3,570,0
6.0,1.0,1.0,19.85,2130,0
16.0,8.0,2.0,89.4,2160,0
2.0,1.0,1.0,20.0,1440,0
2.0,1.0,0.0,20.05,30,0
13.0,6.0,1.0,83.25,540,0
2.0,1.0,1.0,20.6,30,1
16.0,6.0,2.0,102.9,2010,0
8.0,3.0,0.0,39.1,2070,0
14.0,5.0,5.0,99.95,570,1
20.0,8.0,1.0,114.5,2160,0
2.0,1.0,1.0,20.2,1140,0
5.0,2.0,2.0,55.8,1200,0
5.0,2.0,0.0,24.2,1830,0
9.0,3.0,5.0,81.0,300,1
11.0,5.0,0.0,72.8,960,0
13.0,5.0,6.0,99.85,630,0
12.0,5.0,4.0,99.5,1770,0
4.0,1.0,4.0,70.15,390,1
3.0,1.0,1.0,20.25,1410,0
4.0,2.0,1.0,26.0,2070,0
3.0,1.0,2.0,19.9,60,0
3.0,1.0,1.0,19.05,660,0
11.0,5.0,5.0,96.5,450,0
9.0,1.0,1.0,19.85,1590,0
6.0,2.0,0.0,25.7,840,0
5.0,1.0,1.0,20.3,660,0
6.0,1.0,5.0,70.15,30,1
10.0,4.0,2.0,91.55,480,0
7.0,3.0,2.0,39.4,1440,0
14.0,7.0,1.0,105.7,900,0
4.0,1.0,3.0,70.25,90,0
12.0,5.0,3.0,93.75,1710,0
12.0,5.0,3.0,96.55,2040,1
12.0,3.0,2.0,60.0,690,0
7.0,3.0,1.0,59.8,1950,0
10.0,3.0,5.0,90.65,1320,0
16.0,7.0,5.0,109.0,2130,0
10.0,5.0,1.0,68.1,1110,0
6.0,1.0,1.0,20.4,360,0
16.0,7.0,1.0,81.95,2070,0
10.0,4.0,2.0,60.55,1050,0
11.0,4.0,1.0,65.6,150,0
7.0,3.0,4.0,82.5,1740,0
14.0,7.0,2.0,82.3,2160,0
12.0,6.0,0.0,68.15,2160,0
6.0,1.0,3.0,20.3,30,0
13.0,5.0,1.0,95.55,1170,1
3.0,1.0,1.0,20.2,1590,0
8.0,4.0,2.0,89.2,810,0
2.0,1.0,5.0,69.65,30,1
7.0,3.0,5.0,89.3,30,1
4.0,2.0,6.0,74.8,540,0
4.0,1.0,1.0,20.2,1380,0
15.0,7.0,1.0,84.4,2160,0
11.0,4.0,3.0,87.55,1080,1
3.0,0.0,2.0,25.15,120,0
2.0,1.0,1.0,19.8,750,0
9.0,3.0,3.0,50.85,1200,0
14.0,6.0,5.0,102.4,1890,0
12.0,5.0,2.0,96.3,450,1
8.0,3.0,4.0,55.5,420,0
19.0,7.0,1.0,109.75,2160,0
16.0,6.0,4.0,106.4,1170,0
12.0,5.0,3.0,60.0,1410,0
15.0,5.0,1.0,88.8,570,0
7.0,3.0,4.0,85.2,150,1
3.0,1.0,3.0,35.1,390,1
8.0,3.0,3.0,80.05,510,0
6.0,2.0,5.0,75.55,1020,0
4.0,2.0,2.0,49.55,1260,0
8.0,3.0,5.0,81.3,150,1
5.0,2.0,2.0,23.9,2130,0
10.0,4.0,3.0,66.4,570,0
2.0,1.0,0.0,19.6,60,1
5.0,1.0,1.0,18.8,1710,0
17.0,7.0,2.0,108.4,2160,0
8.0,3.0,5.0,85.95,180,0
6.0,3.0,4.0,85.45,510,1
13.0,6.0,3.0,80.9,1830,0
5.0,1.0,3.0,71.0,30,1
17.0,8.0,2.0,111.8,1440,0
6.0,1.0,1.0,20.6,480,0
7.0,3.0,5.0,85.05,270,1
3.0,1.0,5.0,44.6,90,0
4.0,1.0,2.0,44.4,30,1
14.0,6.0,3.0,105.1,1950,0
18.0,8.0,1.0,115.15,2100,0
9.0,3.0,4.0,59.8,1800,0
7.0,2.0,2.0,26.3,2070,0
4.0,1.0,3.0,70.55,1050,0
4.0,1.0,3.0,20.05,660,0
13.0,6.0,2.0,79.85,1980,0
3.0,1.0,3.0,70.3,30,1
5.0,2.0,5.0,79.35,30,1
8.0,4.0,5.0,90.05,1020,0
6.0,2.0,1.0,24.45,2160,0
13.0,5.0,1.0,59.95,930,0
7.0,2.0,1.0,25.35,900,0
10.0,3.0,5.0,90.8,270,1
6.0,1.0,5.0,70.45,600,1
5.0,2.0,4.0,34.3,570,0
18.0,6.0,4.0,105.05,1950,0
5.0,1.0,3.0,19.3,900,0
3.0,1.0,3.0,19.15,180,0
8.0,3.0,5.0,51.4,60,0
14.0,5.0,1.0,71.85,1590,0
6.0,2.0,3.0,75.4,210,0
6.0,2.0,4.0,49.7,1830,0
5.0,2.0,2.0,45.25,2100,1
12.0,6.0,2.0,78.75,390,0
7.0,3.0,4.0,81.6,1050,0
3.0,1.0,4.0,70.4,60,0
9.0,2.0,4.0,75.8,90,1
5.0,2.0,3.0,76.1,90,0
10.0,4.0,4.0,94.0,1860,0
15.0,7.0,4.0,103.95,2160,0
6.0,1.0,0.0,19.95,1890,0
4.0,1.0,3.0,71.3,600,1
17.0,8.0,4.0,110.8,1050,0
3.0,1.0,4.0,69.1,630,1
11.0,5.0,5.0,96.1,1860,0
8.0,2.0,3.0,48.8,450,0
7.0,2.0,2.0,50.55,1650,0
2.0,1.0,4.0,44.65,330,0
8.0,4.0,3.0,88.25,510,1
2.0,1.0,0.0,19.45,1830,0
17.0,8.0,1.0,89.3,2130,0
3.0,1.0,6.0,70.0,60,1
5.0,1.0,1.0,19.25,1050,0
5.0,1.0,3.0,70.5,510,0
10.0,4.0,3.0,97.35,630,1
6.0,1.0,1.0,19.65,1410,0
3.0,1.0,0.0,20.85,90,0
4.0,1.0,0.0,19.65,90,0
2.0,1.0,1.0,19.35,1320,0
3.0,1.0,3.0,44.0,30,0
11.0,5.0,3.0,94.4,1320,0
6.0,2.0,1.0,25.9,150,1
8.0,3.0,3.0,55.65,720,1
5.0,1.0,3.0,69.65,30,1
6.0,2.0,3.0,75.4,540,0
11.0,5.0,3.0,100.6,300,1
12.0,5.0,2.0,71.0,1950,0
8.0,3.0,5.0,86.0,30,1
14.0,6.0,5.0,106.95,1590,1
4.0,1.0,2.0,21.2,90,0
9.0,4.0,1.0,61.05,990,0
2.0,1.0,3.0,29.6,90,1
12.0,6.0,2.0,79.95,1020,0
4.0,1.0,1.0,19.7,420,0
5.0,1.0,0.0,20.3,390,0
12.0,5.0,0.0,59.9,1380,1
6.0,2.0,0.0,24.35,690,0
7.0,1.0,1.0,19.75,1410,0
6.0,2.0,3.0,50.3,510,0
10.0,4.0,4.0,95.6,1470,1
8.0,3.0,2.0,50.25,1770,0
17.0,7.0,4.0,85.35,2070,0
6.0,2.0,2.0,41.6,330,1
6.0,2.0,6.0,51.65,300,0
8.0,2.0,0.0,24.0,360,0
12.0,5.0,5.0,100.85,1350,1
7.0,3.0,2.0,59.85,1170,0
7.0,2.0,0.0,25.45,2130,0
5.0,2.0,0.0,23.9,2130,0
6.0,2.0,0.0,24.15,990,0
5.0,2.0,4.0,75.7,2010,0
8.0,3.0,2.0,40.2,1110,1
7.0,3.0,3.0,84.5,1470,1
7.0,2.0,3.0,50.85,270,0
12.0,5.0,1.0,91.6,1560,0
12.0,5.0,3.0,98.9,2100,0
8.0,3.0,3.0,85.0,30,0
7.0,3.0,4.0,78.95,420,1
5.0,1.0,4.0,44.3,30,0
4.0,1.0,1.0,20.2,30,1
8.0,3.0,4.0,80.2,1560,0
8.0,3.0,5.0,60.9,180,0
4.0,2.0,2.0,34.2,210,0
10.0,4.0,6.0,85.2,1410,1
11.0,4.0,1.0,87.15,780,0
8.0,3.0,1.0,54.3,750,0
6.0,1.0,0.0,19.1,2070,0
18.0,8.0,1.0,112.75,2160,0
4.0,1.0,3.0,19.95,120,0
6.0,1.0,2.0,19.5,1770,0
9.0,4.0,3.0,65.55,2010,0
6.0,2.0,3.0,78.8,780,0
13.0,6.0,1.0,78.2,810,0
14.0,6.0,4.0,105.25,2160,0
11.0,4.0,1.0,89.25,180,0
4.0,1.0,0.0,20.65,1860,0
12.0,5.0,2.0,68.7,600,0
14.0,6.0,1.0,78.65,180,0
6.0,2.0,0.0,24.75,1530,0
4.0,1.0,1.0,19.75,1830,0
10.0,5.0,3.0,89.1,1860,0
12.0,4.0,2.0,84.7,2160,0
10.0,5.0,3.0,98.0,390,1
10.0,4.0,4.0,94.45,150,1
13.0,6.0,5.0,105.0,90,1
10.0,5.0,4.0,93.85,780,1
7.0,3.0,2.0,59.9,390,0
5.0,1.0,1.0,19.95,1140,0
7.0,3.0,5.0,84.0,240,1
15.0,7.0,1.0,108.9,1020,0
8.0,2.0,2.0,33.6,540,0
9.0,4.0,1.0,85.85,1680,0
7.0,2.0,0.0,34.85,1080,0
9.0,3.0,4.0,48.75,270,1
9.0,3.0,3.0,84.85,30,1
9.0,3.0,1.0,56.65,360,1
11.0,5.0,4.0,95.3,1710,0
13.0,6.0,1.0,73.9,1260,1
4.0,2.0,1.0,24.5,990,1
9.0,4.0,2.0,84.6,2100,0
7.0,3.0,0.0,44.95,2040,0
1.0,0.0,2.0,24.7,30,0
14.0,5.0,1.0,100.3,1110,0
4.0,2.0,0.0,25.45,120,0
6.0,2.0,2.0,50.7,30,0
16.0,5.0,0.0,55.0,600,0
13.0,5.0,0.0,68.4,2160,0
8.0,4.0,3.0,89.9,930,1
6.0,2.0,4.0,78.55,540,1
6.0,2.0,2.0,55.05,330,0
4.0,1.0,2.0,19.8,990,0
9.0,3.0,3.0,84.45,1860,0
4.0,2.0,2.0,35.9,30,0
11.0,3.0,6.0,80.75,480,0
17.0,6.0,1.0,78.65,660,0
8.0,4.0,1.0,61.75,1470,0
10.0,4.0,3.0,63.7,1080,0
13.0,6.0,3.0,99.45,1260,1
5.0,0.0,3.0,25.2,120,1
15.0,5.0,1.0,74.05,360,1
11.0,4.0,1.0,87.6,930,0
12.0,4.0,6.0,89.15,150,0
3.0,1.0,1.0,20.0,1980,0
6.0,3.0,0.0,55.0,450,1
15.0,6.0,3.0,104.4,1920,0
6.0,1.0,2.0,20.05,300,0
9.0,4.0,1.0,89.75,210,1
6.0,2.0,0.0,34.3,870,0
5.0,1.0,1.0,20.65,1710,0
8.0,4.0,3.0,84.25,1380,0
3.0,1.0,1.0,19.65,1590,0
13.0,6.0,2.0,79.85,510,0
3.0,1.0,2.0,20.2,1140,0
5.0,1.0,0.0,19.8,450,0
10.0,3.0,3.0,50.35,660,0
8.0,3.0,3.0,85.15,420,1
13.0,6.0,1.0,74.6,1710,0
8.0,2.0,6.0,79.15,330,0
7.0,1.0,2.0,20.35,30,0
4.0,1.0,0.0,21.05,360,0
9.0,4.0,3.0,94.6,90,1
10.0,4.0,5.0,94.7,1080,0
9.0,4.0,4.0,94.25,480,1
13.0,6.0,4.0,72.45,1950,1
4.0,2.0,4.0,74.95,60,0
14.0,6.0,6.0,105.2,1260,1
16.0,7.0,1.0,111.95,2160,0
3.0,1.0,1.0,19.85,1860,0
10.0,4.0,6.0,89.75,180,0
4.0,1.0,3.0,20.05,1440,0
18.0,7.0,1.0,108.95,1050,0
4.0,1.0,0.0,19.65,1560,0
6.0,0.0,5.0,24.9,30,0
8.0,3.0,3.0,82.85,180,1
16.0,8.0,4.0,93.2,2130,0
9.0,4.0,5.0,84.8,2010,0
13.0,5.0,2.0,71.75,1800,0
2.0,1.0,0.0,30.35,690,0
8.0,4.0,0.0,54.85,1170,0
4.0,1.0,1.0,19.5,450,0
13.0,6.0,3.0,103.85,1590,1
6.0,2.0,0.0,24.2,720,0
5.0,1.0,1.0,19.35,1110,0
8.0,3.0,4.0,83.6,150,1
10.0,5.0,1.0,100.65,1500,0
10.0,4.0,4.0,94.1,1620,0
6.0,2.0,3.0,74.55,90,0
15.0,7.0,1.0,108.45,2040,1
6.0,3.0,2.0,56.15,150,0
3.0,1.0,0.0,20.35,990,0
13.0,6.0,4.0,80.55,1230,0
10.0,5.0,3.0,61.25,1020,0
3.0,1.0,1.0,20.45,390,0
6.0,1.0,2.0,18.9,600,0
6.0,1.0,5.0,19.6,1530,0
10.0,4.0,5.0,91.5,90,1
7.0,1.0,2.0,45.2,1230,0
3.0,1.0,1.0,19.45,390,0
7.0,2.0,1.0,25.45,1050,0
9.0,3.0,1.0,80.85,360,1
13.0,5.0,2.0,94.9,120,0
7.0,3.0,4.0,49.05,1290,1
2.0,1.0,0.0,29.3,360,0
15.0,6.0,4.0,105.3,2040,1
10.0,4.0,4.0,88.95,750,1
4.0,1.0,0.0,20.25,210,0
16.0,7.0,2.0,110.85,1980,1
17.0,7.0,1.0,110.5,1590,0
14.0,7.0,3.0,109.4,1890,0
18.0,8.0,4.0,114.2,2100,1
4.0,1.0,2.0,36.5,810,1
5.0,1.0,6.0,70.75,30,1
4.0,1.0,0.0,19.95,150,0
5.0,1.0,3.0,19.6,1110,0
4.0,2.0,6.0,40.15,90,1
6.0,2.0,3.0,76.6,360,0
5.0,1.0,0.0,19.6,1140,0
9.0,3.0,4.0,85.3,270,0
9.0,4.0,3.0,65.85,390,0
10.0,4.0,3.0,94.45,870,1
3.0,1.0,1.0,20.05,1410,0
14.0,6.0,1.0,99.4,1830,0
4.0,1.0,1.0,20.0,480,0
13.0,6.0,0.0,78.45,1230,0
4.0,2.0,2.0,25.1,1290,0
11.0,5.0,4.0,97.35,1080,1
7.0,2.0,2.0,55.0,180,0
14.0,6.0,0.0,71.1,1740,0
9.0,3.0,1.0,61.55,570,0
2.0,1.0,3.0,45.9,330,0
9.0,3.0,0.0,40.3,1170,0
8.0,3.0,3.0,87.1,240,0
6.0,2.0,4.0,49.5,780,0
4.0,2.0,3.0,73.8,1590,0
2.0,1.0,1.0,19.2,2100,0
5.0,2.0,3.0,45.3,30,1
6.0,2.0,1.0,25.0,1770,0
11.0,4.0,4.0,94.95,60,1
6.0,2.0,3.0,35.3,210,0
2.0,1.0,2.0,44.55,360,1
14.0,6.0,3.0,76.75,1770,0
13.0,6.0,3.0,81.0,1830,0
15.0,6.0,3.0,105.55,2160,0
3.0,1.0,2.0,18.8,390,0
8.0,2.0,1.0,24.9,1920,0
3.0,0.0,3.0,23.45,30,1
10.0,4.0,0.0,64.9,300,0
9.0,4.0,3.0,61.35,1950,0
16.0,8.0,3.0,113.95,1860,0
22.0,8.0,0.0,90.15,1650,0
11.0,3.0,4.0,54.1,750,0
3.0,1.0,2.0,29.7,30,1
6.0,2.0,3.0,49.8,30,0
13.0,5.0,5.0,101.1,1770,1
7.0,2.0,1.0,24.4,1920,0
16.0,4.0,5.0,95.0,1080,0
6.0,2.0,3.0,50.65,90,1
13.0,5.0,4.0,69.9,1830,0
6.0,2.0,2.0,39.95,780,0
5.0,2.0,4.0,55.4,30,1
10.0,4.0,3.0,90.6,30,1
13.0,6.0,3.0,103.25,2040,0
6.0,3.0,3.0,86.85,60,1
14.0,6.0,4.0,94.25,2160,0
10.0,3.0,1.0,47.05,2130,0
3.0,1.0,0.0,20.55,1710,0
3.0,1.0,3.0,19.65,120,0
3.0,1.0,5.0,70.2,30,0
20.0,7.0,0.0,81.0,2160,0
11.0,5.0,4.0,75.9,630,0
5.0,2.0,1.0,24.7,2130,0
11.0,5.0,3.0,99.05,870,1
17.0,7.0,3.0,110.25,2070,0
17.0,7.0,0.0,85.0,1920,0
7.0,1.0,1.0,19.75,480,0
6.0,2.0,2.0,23.9,120,0
15.0,7.0,1.0,111.25,1560,1
8.0,3.0,2.0,55.1,60,1
7.0,1.0,0.0,19.95,30,0
5.0,0.0,2.0,25.15,540,0
9.0,3.0,3.0,54.15,60,0
8.0,3.0,3.0,59.8,570,0
12.0,3.0,3.0,83.85,1200,0
15.0,6.0,3.0,104.9,1980,0
5.0,2.0,3.0,75.3,630,0
11.0,4.0,2.0,66.65,240,0
15.0,7.0,1.0,109.5,2160,0
15.0,6.0,3.0,73.85,1440,0
3.0,1.0,0.0,19.3,2070,0
20.0,8.0,3.0,118.2,2160,0
5.0,2.0,4.0,51.45,420,0
6.0,3.0,3.0,59.45,180,0
5.0,1.0,0.0,19.5,240,0
3.0,1.0,1.0,19.55,510,0
10.0,5.0,3.0,93.55,1950,0
11.0,4.0,2.0,59.3,1710,0
11.0,5.0,4.0,102.25,390,1
9.0,4.0,4.0,95.9,570,1
16.0,7.0,4.0,109.8,1680,0
6.0,2.0,4.0,78.1,420,0
7.0,2.0,4.0,39.9,1560,0
11.0,5.0,1.0,64.9,1740,0
11.0,5.0,1.0,95.05,1410,1
11.0,4.0,0.0,53.4,2010,0
3.0,0.0,2.0,24.9,60,0
3.0,1.0,2.0,44.7,180,0
18.0,8.0,3.0,114.0,2130,0
4.0,1.0,3.0,20.25,1380,0
6.0,3.0,0.0,53.85,150,1
9.0,4.0,4.0,83.85,2010,0
4.0,1.0,0.0,20.2,90,0
4.0,1.0,0.0,19.95,90,0
13.0,6.0,3.0,104.2,1560,1
7.0,2.0,2.0,50.25,1260,1
6.0,1.0,1.0,20.35,1500,0
8.0,4.0,3.0,90.0,690,0
13.0,5.0,2.0,54.2,2010,0
12.0,5.0,3.0,99.5,750,1
12.0,5.0,3.0,99.1,1170,0
14.0,5.0,1.0,66.9,2070,0
0.0,0.0,3.0,25.85,30,0
9.0,3.0,4.0,91.05,960,0
3.0,1.0,3.0,71.0,270,1
9.0,4.0,6.0,93.2,480,1
4.0,1.0,0.0,20.95,1800,0
16.0,7.0,1.0,109.2,2160,0
3.0,1.0,1.0,19.35,150,1
6.0,3.0,6.0,85.8,780,0
5.0,1.0,1.0,19.85,90,1
7.0,1.0,0.0,19.65,60,0
2.0,1.0,0.0,20.5,60,0
15.0,7.0,2.0,89.65,1080,0
4.0,2.0,3.0,74.35,210,0
7.0,3.0,4.0,49.45,1800,0
11.0,4.0,4.0,89.1,570,0
12.0,6.0,1.0,75.15,1350,0
3.0,1.0,5.0,70.65,120,0
15.0,6.0,2.0,104.2,930,1
9.0,4.0,3.0,90.05,1410,0
5.0,2.0,3.0,79.25,30,1
5.0,1.0,3.0,44.9,30,1
3.0,1.0,1.0,19.4,30,0
10.0,4.0,4.0,88.75,1770,0
5.0,1.0,3.0,70.1,300,1
11.0,4.0,5.0,91.0,1050,0
4.0,1.0,2.0,29.65,120,1
12.0,4.0,4.0,90.8,960,0
7.0,3.0,6.0,77.85,1290,1
4.0,2.0,3.0,54.3,120,1
5.0,1.0,0.0,18.95,1620,0
10.0,4.0,3.0,95.15,330,1
14.0,5.0,3.0,102.4,1980,0
11.0,5.0,3.0,99.9,1830,0
17.0,8.0,0.0,88.7,2160,0
10.0,4.0,2.0,54.3,1320,0
7.0,3.0,2.0,55.7,1230,0
15.0,6.0,3.0,103.95,1500,0
16.0,7.0,2.0,110.85,1410,1
6.0,1.0,2.0,20.15,240,0
3.0,1.0,0.0,20.05,540,0
17.0,8.0,2.0,91.95,2160,0
7.0,2.0,4.0,80.5,30,1
9.0,3.0,3.0,55.65,1260,0
4.0,2.0,3.0,74.7,540,0
14.0,6.0,5.0,104.15,390,0
11.0,4.0,1.0,83.65,2040,0
6.0,2.0,3.0,72.2,120,1
14.0,7.0,3.0,110.05,2070,0
6.0,2.0,0.0,51.5,510,1
6.0,2.0,4.0,25.5,750,0
10.0,3.0,5.0,89.55,1290,1
3.0,1.0,1.0,19.5,1770,0
8.0,3.0,5.0,80.7,150,0
13.0,6.0,1.0,77.5,630,1
20.0,7.0,2.0,105.1,2070,0
0.0,0.0,2.0,25.15,390,0
12.0,5.0,3.0,95.25,1260,1
13.0,5.0,2.0,95.65,1560,0
7.0,3.0,4.0,85.0,1380,1
17.0,7.0,2.0,80.8,1830,0
1.0,0.0,3.0,24.85,870,0
7.0,3.0,2.0,54.75,750,0
8.0,3.0,3.0,85.75,150,1
7.0,3.0,3.0,50.75,450,0
5.0,1.0,2.0,20.15,570,0
4.0,1.0,0.0,20.05,1320,0
12.0,5.0,3.0,98.25,180,1
12.0,6.0,1.0,71.6,1740,0
8.0,3.0,5.0,81.45,1860,0
14.0,5.0,2.0,58.4,2100,0
2.0,0.0,2.0,25.7,30,1
12.0,5.0,1.0,53.7,300,0
4.0,1.0,1.0,19.6,780,0
11.0,4.0,5.0,89.4,1980,0
6.0,1.0,5.0,69.0,210,1
12.0,4.0,3.0,84.2,1530,0
15.0,7.0,1.0,106.1,2160,0
6.0,2.0,0.0,25.75,1950,0
8.0,1.0,3.0,46.05,60,1
16.0,5.0,1.0,64.95,2100,0
16.0,7.0,0.0,85.45,2160,0
6.0,1.0,3.0,20.05,30,0
6.0,2.0,4.0,76.4,30,1
10.0,5.0,5.0,100.5,150,1
2.0,1.0,1.0,20.7,90,0
9.0,2.0,4.0,25.3,1740,0
5.0,2.0,2.0,40.05,660,1
12.0,5.0,3.0,100.6,990,0
2.0,1.0,5.0,69.95,30,1
5.0,2.0,4.0,74.0,1620,0
12.0,5.0,3.0,99.4,2160,0
8.0,4.0,4.0,93.3,30,1
8.0,2.0,3.0,49.15,90,1
15.0,7.0,2.0,107.45,2160,0
16.0,7.0,2.0,83.6,2160,0
11.0,5.0,5.0,99.05,1620,0
14.0,6.0,0.0,80.1,1770,0
10.0,4.0,3.0,65.3,1620,0
11.0,4.0,5.0,89.55,1800,0
11.0,5.0,1.0,60.8,1800,0
6.0,2.0,3.0,74.5,90,0
10.0,5.0,4.0,99.15,2070,0
3.0,1.0,1.0,19.25,30,0
4.0,2.0,3.0,39.45,1500,0
8.0,2.0,2.0,44.85,1680,0
12.0,5.0,2.0,97.2,1800,0
15.0,7.0,2.0,110.55,2070,0
7.0,1.0,2.0,35.05,30,1
5.0,2.0,5.0,73.0,30,1
5.0,1.0,2.0,19.9,90,0
12.0,5.0,0.0,76.95,1800,0
5.0,2.0,1.0,35.4,390,0
3.0,1.0,1.0,20.45,1860,0
13.0,5.0,3.0,96.75,1350,0
10.0,4.0,1.0,54.2,750,0
10.0,5.0,2.0,100.1,1320,0
3.0,1.0,6.0,45.25,60,0
8.0,4.0,3.0,83.85,990,1
4.0,1.0,4.0,70.1,30,1
4.0,1.0,1.0,20.85,660,0
6.0,2.0,2.0,33.45,1050,0
5.0,1.0,0.0,20.2,870,0
12.0,4.0,4.0,85.9,810,0
10.0,4.0,0.0,61.0,1620,0
4.0,1.0,3.0,70.65,60,1
9.0,3.0,7.0,86.9,1710,0
15.0,6.0,1.0,69.4,1860,0
3.0,1.0,0.0,20.35,450,0
2.0,1.0,0.0,20.35,60,1
14.0,6.0,3.0,104.3,2100,0
5.0,1.0,4.0,44.95,630,0
5.0,2.0,1.0,49.45,690,0
4.0,1.0,2.0,20.6,180,0
7.0,1.0,0.0,19.55,120,0
15.0,5.0,5.0,99.0,90,1
11.0,4.0,5.0,93.5,690,0
12.0,4.0,2.0,54.55,780,0
5.0,1.0,0.0,20.05,240,0
10.0,3.0,3.0,83.95,780,1
10.0,3.0,6.0,79.45,60,0
23.0,8.0,1.0,116.2,2010,1
9.0,4.0,3.0,93.7,2130,1
16.0,7.0,2.0,79.85,1770,0
13.0,5.0,3.0,100.0,1170,0
2.0,1.0,2.0,19.6,630,0
5.0,1.0,1.0,19.7,30,1
4.0,1.0,0.0,20.2,1440,0
10.0,4.0,2.0,50.4,930,0
17.0,8.0,2.0,113.35,1920,0
6.0,3.0,3.0,80.0,1380,0
14.0,6.0,0.0,80.95,1560,0
6.0,2.0,3.0,24.9,2010,0
8.0,3.0,2.0,54.9,2010,0
6.0,2.0,3.0,75.55,150,1
16.0,7.0,1.0,109.25,2130,0
8.0,2.0,4.0,77.65,270,1
12.0,5.0,5.0,95.0,780,1
19.0,8.0,1.0,116.3,2130,0
4.0,1.0,1.0,19.9,960,0
5.0,1.0,3.0,70.35,60,0
5.0,2.0,1.0,25.6,2130,0
11.0,3.0,2.0,44.45,1800,0
12.0,5.0,5.0,100.15,1650,0
13.0,6.0,1.0,105.4,1620,1
13.0,4.0,4.0,95.85,60,1
7.0,2.0,4.0,73.85,180,0
12.0,5.0,2.0,70.1,1440,0
6.0,2.0,2.0,25.25,1890,0
8.0,3.0,3.0,79.15,30,1
4.0,1.0,0.0,21.05,360,0
3.0,0.0,2.0,24.95,1620,0
9.0,4.0,2.0,64.5,900,0
3.0,1.0,3.0,19.65,900,1
6.0,2.0,3.0,79.0,120,1
14.0,6.0,2.0,105.95,1200,0
4.0,2.0,4.0,75.85,270,0
11.0,4.0,2.0,91.85,510,1
6.0,3.0,3.0,43.6,1860,0
8.0,4.0,3.0,91.25,840,0
18.0,8.0,2.0,89.75,2100,0
15.0,6.0,2.0,104.4,1380,0
8.0,4.0,5.0,90.15,690,0
7.0,3.0,0.0,40.3,1410,0
15.0,6.0,4.0,105.25,2040,0
13.0,6.0,1.0,106.0,1800,1
15.0,6.0,2.0,104.0,2010,0
9.0,4.0,0.0,69.65,420,0
5.0,2.0,4.0,74.3,1710,0
12.0,5.0,3.0,100.9,1650,0
5.0,1.0,0.0,20.25,30,0
4.0,2.0,2.0,49.9,30,1
11.0,5.0,1.0,96.9,690,0
13.0,5.0,3.0,100.35,390,1
13.0,6.0,3.0,104.1,1410,0
7.0,1.0,2.0,20.1,1140,0
5.0,2.0,3.0,74.95,1140,1
7.0,3.0,2.0,56.55,60,0
9.0,2.0,2.0,49.25,30,1
4.0,1.0,5.0,68.6,450,0
3.0,1.0,3.0,69.05,780,0
4.0,1.0,2.0,19.7,1050,0
3.0,1.0,3.0,20.05,90,0
13.0,6.0,2.0,103.7,1500,1
13.0,5.0,5.0,94.4,1260,0
9.0,3.0,2.0,54.95,300,0
13.0,5.0,2.0,93.7,1830,0
15.0,7.0,3.0,110.25,2040,0
12.0,5.0,3.0,98.9,300,0
13.0,5.0,4.0,89.75,1950,1
14.0,6.0,0.0,80.45,2160,0
6.0,3.0,2.0,79.4,1650,0
3.0,1.0,0.0,20.3,30,1
9.0,4.0,4.0,62.8,210,0
5.0,2.0,3.0,74.9,60,0
7.0,2.0,3.0,74.85,270,0
5.0,2.0,4.0,25.85,810,0
10.0,5.0,4.0,101.95,210,1
13.0,5.0,0.0,68.3,1920,0
10.0,4.0,0.0,48.4,2100,0
11.0,4.0,4.0,94.0,60,1
14.0,6.0,2.0,105.05,2010,0
10.0,4.0,3.0,89.3,1350,1
6.0,2.0,1.0,25.15,720,0
7.0,1.0,1.0,19.5,120,0
8.0,4.0,4.0,92.95,1320,0
4.0,1.0,3.0,20.7,2160,0
6.0,2.0,3.0,74.3,30,1
4.0,1.0,0.0,19.35,1980,0
8.0,3.0,0.0,44.65,30,1
6.0,3.0,5.0,84.05,390,1
9.0,3.0,3.0,80.7,300,1
13.0,6.0,3.0,104.35,1950,0
2.0,1.0,4.0,19.55,30,0
15.0,6.0,0.0,74.05,1140,0
7.0,3.0,0.0,40.1,690,0
3.0,1.0,0.0,20.1,300,0
14.0,5.0,6.0,101.7,120,1
15.0,7.0,0.0,83.55,2160,0
10.0,3.0,0.0,56.85,1050,0
4.0,1.0,2.0,20.4,30,1
4.0,1.0,2.0,19.55,1740,0
13.0,6.0,2.0,106.15,2100,0
14.0,6.0,5.0,78.95,1140,0
6.0,3.0,3.0,49.75,1800,0
11.0,5.0,3.0,92.4,780,0
15.0,4.0,2.0,58.2,240,0
16.0,6.0,1.0,102.6,1230,1
10.0,4.0,3.0,91.95,1080,0
8.0,4.0,1.0,65.25,1620,0
16.0,6.0,3.0,106.0,2130,1
6.0,2.0,4.0,73.1,1650,0
10.0,4.0,4.0,59.75,2160,0
7.0,3.0,2.0,55.1,90,1
11.0,4.0,3.0,59.8,1620,0
19.0,8.0,3.0,116.6,2160,0
15.0,7.0,1.0,109.3,1560,0
12.0,5.0,3.0,101.4,1800,0
7.0,3.0,2.0,50.65,1170,0
4.0,2.0,3.0,56.15,450,0
16.0,6.0,1.0,106.5,2070,1
3.0,1.0,1.0,19.2,1290,0
18.0,7.0,2.0,83.0,1890,0
5.0,1.0,5.0,70.1,60,0
15.0,7.0,1.0,108.3,2160,0
11.0,4.0,5.0,91.05,960,1
5.0,2.0,0.0,25.25,1200,0
6.0,3.0,3.0,45.35,1740,0
8.0,3.0,2.0,43.9,2010,0
6.0,3.0,5.0,77.5,1530,1
15.0,6.0,0.0,79.3,930,0
10.0,4.0,5.0,84.9,2070,0
8.0,3.0,2.0,79.25,960,0
12.0,5.0,2.0,71.05,630,0
10.0,3.0,3.0,53.75,1560,0
4.0,2.0,1.0,24.25,2160,0
8.0,4.0,2.0,54.2,2160,1
8.0,3.0,2.0,44.25,1560,0
7.0,2.0,0.0,50.05,1230,0
5.0,1.0,1.0,20.15,1230,0
3.0,1.0,3.0,69.25,180,1
13.0,6.0,0.0,69.35,2010,0
2.0,1.0,0.0,19.35,480,0
4.0,1.0,2.0,19.15,510,0
10.0,4.0,3.0,61.0,1050,0
6.0,1.0,5.0,20.5,1740,0
7.0,2.0,3.0,50.5,30,1
8.0,4.0,0.0,50.2,1560,0
14.0,6.0,0.0,79.6,2100,0
6.0,2.0,1.0,24.9,570,0
5.0,2.0,3.0,74.4,30,1
17.0,6.0,2.0,106.9,1050,0
10.0,5.0,6.0,101.35,960,0
6.0,3.0,1.0,55.35,510,0
7.0,2.0,2.0,50.55,2010,0
4.0,1.0,1.0,19.5,270,0
15.0,6.0,0.0,79.45,930,1
11.0,4.0,4.0,90.65,120,0
11.0,5.0,2.0,89.85,1740,0
16.0,6.0,0.0,79.0,1800,0
16.0,6.0,1.0,104.65,1740,1
2.0,1.0,0.0,19.55,30,0
5.0,1.0,2.0,19.9,810,0
21.0,8.0,2.0,116.25,1980,0
10.0,4.0,3.0,87.75,450,0
10.0,5.0,3.0,100.05,1410,1
7.0,3.0,4.0,81.3,1230,0
5.0,2.0,4.0,44.3,1770,0
5.0,1.0,5.0,70.35,1500,0
7.0,3.0,2.0,44.45,510,0
4.0,2.0,4.0,49.15,180,0
4.0,1.0,3.0,29.45,1530,0
12.0,5.0,2.0,100.55,1320,1
6.0,3.0,5.0,85.3,1470,0
10.0,4.0,5.0,95.65,60,1
13.0,5.0,0.0,69.1,1770,0
10.0,5.0,4.0,70.35,1500,0
3.0,1.0,2.0,20.6,1770,0
6.0,2.0,3.0,74.15,540,0
5.0,2.0,3.0,75.05,300,0
2.0,1.0,4.0,44.6,420,0
3.0,1.0,3.0,21.45,1050,0
3.0,1.0,3.0,43.45,240,0
4.0,1.0,0.0,20.05,540,0
11.0,5.0,4.0,94.15,1800,0
13.0,4.0,5.0,94.4,30,1
5.0,1.0,0.0,19.55,180,0
13.0,6.0,1.0,75.9,570,0
12.0,5.0,0.0,64.15,1590,0
17.0,7.0,4.0,109.55,2160,0
16.0,7.0,1.0,110.8,1800,0
7.0,2.0,2.0,55.0,30,1
9.0,3.0,0.0,53.45,390,0
5.0,1.0,5.0,69.95,150,0
12.0,5.0,4.0,101.45,30,1
9.0,4.0,4.0,97.0,390,0
18.0,8.0,2.0,90.6,1110,0
4.0,2.0,4.0,73.55,1920,0
12.0,5.0,1.0,67.95,150,1
12.0,5.0,1.0,94.35,1830,0
3.0,1.0,3.0,69.5,30,1
4.0,1.0,1.0,18.85,30,1
4.0,1.0,0.0,19.4,780,0
4.0,1.0,5.0,69.2,30,1
6.0,1.0,0.0,19.75,720,0
10.0,4.0,0.0,54.6,510,0
5.0,1.0,4.0,29.8,780,0
3.0,1.0,3.0,69.65,30,1
13.0,5.0,4.0,101.85,1200,1
13.0,6.0,5.0,103.05,1560,0
8.0,3.0,4.0,82.3,30,1
2.0,1.0,1.0,20.3,30,0
6.0,2.0,1.0,35.1,630,0
14.0,6.0,3.0,105.7,2010,0
6.0,3.0,2.0,56.25,1320,0
12.0,5.0,0.0,60.35,2100,0
4.0,2.0,3.0,79.25,90,1
10.0,4.0,4.0,59.8,1680,0
11.0,3.0,5.0,84.6,390,1
11.0,5.0,3.0,93.4,1740,1
10.0,4.0,5.0,94.2,1260,1
3.0,0.0,3.0,25.05,30,1
14.0,6.0,1.0,99.65,1380,0
5.0,2.0,4.0,50.65,1890,0
9.0,4.0,1.0,60.9,330,0
9.0,4.0,0.0,59.65,450,0
12.0,6.0,2.0,64.7,2160,0
3.0,0.0,3.0,25.1,870,1
4.0,2.0,2.0,48.95,30,1
5.0,2.0,2.0,54.85,180,0
2.0,1.0,2.0,45.3,30,1
10.0,4.0,6.0,91.35,1890,0
8.0,3.0,3.0,85.85,60,1
5.0,2.0,1.0,25.1,540,0
6.0,2.0,0.0,34.0,1290,0
9.0,4.0,3.0,45.9,450,0
12.0,4.0,4.0,95.2,300,1
3.0,1.0,0.0,20.5,1650,0
11.0,5.0,4.0,100.6,1470,1
9.0,3.0,5.0,55.3,180,1
5.0,1.0,2.0,20.35,2100,0
8.0,2.0,5.0,74.85,60,1
6.0,2.0,1.0,36.1,1890,0
9.0,4.0,2.0,65.8,750,0
4.0,1.0,2.0,20.35,540,0
16.0,6.0,1.0,105.8,840,0
10.0,5.0,2.0,96.75,1590,0
11.0,5.0,5.0,102.35,1050,1
1.0,0.0,4.0,24.4,30,0
18.0,8.0,3.0,115.65,2100,1
8.0,3.0,1.0,79.85,60,1
14.0,5.0,0.0,73.05,780,0
10.0,4.0,2.0,64.35,1020,0
3.0,1.0,0.0,20.5,570,0
5.0,2.0,4.0,76.0,450,1
8.0,3.0,3.0,54.75,1860,0
13.0,6.0,3.0,104.75,1260,1
15.0,5.0,3.0,74.65,270,1
6.0,2.0,3.0,51.15,720,0
8.0,3.0,4.0,41.95,2040,0
7.0,3.0,0.0,54.35,930,0
7.0,2.0,3.0,56.25,30,1
13.0,6.0,3.0,106.1,630,1
10.0,4.0,4.0,96.0,1890,0
4.0,2.0,3.0,79.75,60,1
10.0,5.0,1.0,61.45,1830,0
6.0,1.0,3.0,68.65,30,1
2.0,1.0,0.0,19.65,540,0
2.0,1.0,1.0,19.0,180,0
11.0,5.0,4.0,100.0,990,0
4.0,1.0,3.0,20.25,480,1
13.0,5.0,3.0,98.7,1680,0
3.0,1.0,0.0,19.8,690,0
6.0,2.0,3.0,73.8,270,0
14.0,5.0,4.0,100.2,420,1
6.0,2.0,4.0,74.9,450,1
3.0,1.0,1.0,20.05,150,0
13.0,6.0,5.0,106.2,1830,0
17.0,8.0,2.0,116.55,2100,0
12.0,5.0,5.0,99.7,450,0
4.0,1.0,0.0,19.7,240,0
3.0,1.0,1.0,19.5,240,0
2.0,1.0,4.0,29.15,120,0
8.0,3.0,2.0,55.0,1020,0
18.0,8.0,1.0,90.8,2040,0
10.0,4.0,1.0,51.0,1350,0
10.0,4.0,3.0,90.1,270,0
10.0,4.0,3.0,59.05,660,0
3.0,1.0,0.0,20.3,60,0
13.0,6.0,1.0,72.95,2100,0
15.0,6.0,1.0,73.55,300,0
15.0,7.0,3.0,84.3,2160,0
12.0,5.0,4.0,78.0,1470,0
12.0,5.0,3.0,72.1,1620,0
16.0,7.0,3.0,106.75,2130,0
7.0,1.0,0.0,19.25,660,0
2.0,1.0,0.0,20.55,1500,0
4.0,1.0,0.0,20.0,1290,0
8.0,2.0,0.0,24.65,1350,0
13.0,6.0,3.0,103.5,1920,0
6.0,2.0,0.0,23.85,690,0
5.0,2.0,1.0,25.8,2040,0
3.0,1.0,3.0,70.85,30,1
3.0,1.0,4.0,69.8,60,1
6.0,3.0,1.0,59.45,780,0
8.0,4.0,1.0,54.55,1650,1
4.0,1.0,3.0,20.05,420,0
12.0,6.0,1.0,82.55,2130,0
16.0,7.0,2.0,81.25,1920,0
9.0,4.0,3.0,70.75,210,1
12.0,6.0,0.0,74.3,1710,0
16.0,5.0,4.0,94.1,390,1
2.0,1.0,2.0,29.7,90,1
16.0,7.0,2.0,109.7,2160,0
12.0,5.0,4.0,96.35,1200,0
10.0,4.0,0.0,66.6,420,0
3.0,1.0,3.0,44.5,60,0
16.0,7.0,2.0,110.9,1980,1
13.0,6.0,3.0,105.0,1140,1
2.0,0.0,3.0,25.3,30,1
8.0,3.0,0.0,55.15,660,1
5.0,1.0,2.0,20.1,30,1
5.0,2.0,7.0,80.1,150,0
12.0,5.0,0.0,69.05,870,0
3.0,1.0,4.0,69.9,30,1
4.0,1.0,0.0,20.4,90,0
5.0,1.0,0.0,19.7,2130,0
7.0,2.0,2.0,50.1,270,0
10.0,5.0,5.0,101.4,1290,1
19.0,7.0,2.0,83.45,1440,0
12.0,4.0,3.0,86.65,780,0
2.0,1.0,0.0,20.15,270,0
6.0,2.0,3.0,80.8,30,1
5.0,1.0,2.0,19.4,1380,0
7.0,3.0,2.0,62.05,60,1
9.0,2.0,3.0,76.45,30,1
13.0,5.0,1.0,60.05,1920,0
9.0,4.0,3.0,91.3,360,1
9.0,4.0,3.0,95.75,180,1
4.0,1.0,2.0,20.35,1770,0
12.0,4.0,4.0,94.05,210,0
16.0,7.0,3.0,84.1,2160,0
5.0,2.0,3.0,78.75,480,0
8.0,3.0,3.0,55.55,750,0
13.0,5.0,1.0,62.65,1020,1
5.0,2.0,4.0,74.5,30,1
14.0,6.0,5.0,102.1,300,1
7.0,1.0,1.0,20.1,720,0
10.0,5.0,2.0,70.3,300,0
8.0,3.0,3.0,53.65,2070,0
2.0,1.0,0.0,20.75,1710,0
12.0,6.0,1.0,103.4,1500,0
8.0,4.0,2.0,50.8,840,0
6.0,2.0,3.0,50.15,480,1
13.0,6.0,1.0,79.0,750,0
7.0,2.0,6.0,74.6,90,0
10.0,4.0,4.0,96.5,1830,0
4.0,1.0,1.0,20.1,60,0
4.0,1.0,1.0,19.4,1530,0
15.0,5.0,2.0,77.55,2130,0
6.0,1.0,3.0,20.05,600,0
6.0,1.0,1.0,19.85,180,0
3.0,1.0,0.0,20.2,180,0
10.0,5.0,0.0,67.45,870,0
4.0,1.0,0.0,18.55,1080,0
9.0,1.0,2.0,29.75,840,0
7.0,3.0,3.0,86.5,210,1
5.0,2.0,0.0,24.2,1890,0
6.0,2.0,0.0,23.55,1440,0
3.0,1.0,1.0,20.45,1470,0
7.0,3.0,4.0,81.45,810,1
16.0,8.0,1.0,92.3,2160,0
3.0,1.0,3.0,69.15,30,1
8.0,4.0,0.0,53.65,2160,0
8.0,3.0,1.0,39.65,1410,0
10.0,2.0,4.0,54.65,30,0
13.0,6.0,4.0,104.8,1080,0
9.0,1.0,3.0,29.3,1290,0
15.0,7.0,2.0,83.85,810,0
6.0,2.0,3.0,79.55,270,1
13.0,6.0,2.0,103.65,1140,0
14.0,5.0,3.0,99.05,1050,0
15.0,6.0,0.0,73.35,0,0
12.0,5.0,1.0,100.05,1770,0
3.0,1.0,2.0,20.35,810,0
5.0,1.0,6.0,43.95,60,0
7.0,2.0,0.0,23.5,210,0
12.0,5.0,1.0,70.7,1080,0
12.0,5.0,6.0,94.3,1230,0
5.0,1.0,2.0,29.15,390,0
6.0,1.0,0.0,20.85,570,0
9.0,3.0,1.0,37.7,1800,0
13.0,5.0,4.0,95.5,1440,1
12.0,4.0,4.0,91.05,90,1
13.0,5.0,3.0,92.45,2070,0
8.0,3.0,0.0,44.15,1290,0
6.0,2.0,1.0,36.05,330,0
7.0,2.0,3.0,50.25,1350,0
16.0,7.0,3.0,109.75,2160,0
7.0,3.0,5.0,79.2,60,1
4.0,1.0,2.0,20.3,360,0
15.0,7.0,2.0,112.35,2010,0
10.0,5.0,1.0,94.3,1110,0
7.0,3.0,0.0,41.15,1170,0
13.0,6.0,0.0,74.65,1230,0
8.0,3.0,3.0,48.25,750,0
17.0,6.0,0.0,76.15,240,0
13.0,6.0,2.0,71.1,2130,0
12.0,5.0,6.0,96.55,150,0
13.0,6.0,2.0,79.3,900,0
12.0,4.0,1.0,89.6,1200,0
2.0,1.0,2.0,20.5,1620,0
13.0,6.0,3.0,106.3,2160,0
13.0,5.0,3.0,100.35,840,0
7.0,3.0,2.0,85.6,540,0
5.0,2.0,3.0,45.25,60,1
14.0,6.0,3.0,106.15,1770,0
4.0,2.0,0.0,51.1,660,0
3.0,1.0,0.0,19.9,30,0
7.0,2.0,0.0,25.7,2160,0
7.0,2.0,3.0,74.3,420,1
13.0,5.0,1.0,99.4,1500,0
11.0,5.0,0.0,69.7,1440,0
13.0,5.0,3.0,98.35,1470,0
6.0,3.0,4.0,85.45,840,0
13.0,5.0,5.0,95.9,2040,0
13.0,5.0,2.0,100.75,390,0
9.0,4.0,6.0,89.2,330,0
5.0,2.0,3.0,74.1,90,1
14.0,5.0,3.0,100.6,1710,1
4.0,2.0,5.0,75.0,90,1
8.0,2.0,2.0,25.75,2160,0
15.0,7.0,2.0,84.1,2100,0
15.0,6.0,1.0,79.3,1470,0
13.0,6.0,6.0,107.05,2010,0
4.0,1.0,0.0,20.05,1380,0
11.0,5.0,0.0,70.2,1920,1
3.0,1.0,1.0,19.5,1110,0
4.0,1.0,4.0,70.75,60,1
6.0,2.0,2.0,45.3,390,0
17.0,8.0,1.0,115.15,2160,0
11.0,5.0,2.0,72.95,2040,0
6.0,1.0,0.0,19.65,450,0
3.0,1.0,1.0,19.55,720,0
10.0,4.0,3.0,89.55,720,0
6.0,2.0,3.0,50.35,810,0
4.0,2.0,3.0,50.25,360,1
16.0,7.0,1.0,87.25,2130,0
2.0,1.0,1.0,20.8,2010,0
15.0,7.0,1.0,109.25,1890,0
4.0,1.0,0.0,20.35,30,0
7.0,2.0,4.0,55.9,120,0
6.0,3.0,4.0,79.2,1200,1
9.0,4.0,4.0,96.0,360,1
14.0,6.0,3.0,79.2,1560,0
4.0,2.0,1.0,24.0,300,0
15.0,6.0,3.0,101.35,2040,0
11.0,5.0,2.0,100.1,1620,1
9.0,3.0,0.0,56.5,120,1
8.0,2.0,4.0,35.45,1560,0
9.0,3.0,5.0,85.0,30,1
15.0,7.0,1.0,79.4,2100,0
7.0,2.0,3.0,35.2,1290,0
3.0,1.0,0.0,19.65,1560,0
9.0,4.0,2.0,49.85,360,0
11.0,5.0,3.0,68.75,1680,0
13.0,5.0,1.0,61.9,0,0
6.0,3.0,4.0,79.9,1260,0
8.0,3.0,5.0,89.75,660,0
10.0,5.0,3.0,59.3,1530,1
5.0,1.0,2.0,19.4,810,0
15.0,5.0,3.0,93.65,1530,0
6.0,2.0,3.0,49.4,120,1
3.0,1.0,1.0,19.9,30,0
7.0,2.0,3.0,55.0,1050,1
14.0,6.0,2.0,72.9,2130,0
4.0,1.0,4.0,69.2,30,1
6.0,2.0,0.0,25.6,2070,0
5.0,1.0,1.0,19.75,420,0
10.0,3.0,3.0,55.7,1710,0
17.0,8.0,2.0,117.5,2160,0
3.0,1.0,0.0,19.85,1440,0
7.0,2.0,4.0,78.9,120,0
2.0,1.0,1.0,20.65,930,0
11.0,4.0,1.0,62.3,1140,1
9.0,4.0,4.0,92.5,1110,1
2.0,1.0,0.0,19.65,30,0
13.0,6.0,2.0,79.75,1710,0
12.0,6.0,0.0,79.95,1860,0
2.0,1.0,1.0,29.9,90,0
4.0,1.0,0.0,19.75,2160,0
10.0,4.0,1.0,45.0,870,0
3.0,1.0,2.0,44.8,390,0
2.0,1.0,3.0,69.65,90,1
8.0,2.0,4.0,51.1,330,0
11.0,5.0,1.0,53.15,630,0
7.0,2.0,0.0,24.7,570,0
15.0,7.0,3.0,111.6,1830,1
4.0,2.0,3.0,48.55,330,1
14.0,7.0,1.0,109.95,1050,0
3.0,1.0,0.0,20.8,750,0
4.0,1.0,0.0,20.2,30,1
5.0,2.0,2.0,25.6,2010,0
6.0,2.0,6.0,39.65,570,1
6.0,2.0,4.0,24.9,1680,1
16.0,7.0,4.0,108.4,2160,0
3.0,1.0,0.0,19.55,1290,0
11.0,4.0,3.0,85.1,1650,0
7.0,3.0,3.0,56.7,60,1
4.0,1.0,4.0,69.05,810,0
2.0,1.0,4.0,70.15,390,0
19.0,7.0,5.0,111.15,2100,0
15.0,6.0,2.0,105.95,420,1
14.0,4.0,3.0,89.35,570,0
9.0,4.0,4.0,89.1,600,0
11.0,5.0,3.0,91.25,1290,0
9.0,4.0,6.0,90.35,150,0
12.0,6.0,2.0,105.55,2100,0
6.0,1.0,0.0,19.1,1200,0
2.0,1.0,0.0,20.4,180,0
12.0,5.0,4.0,100.45,1170,0
8.0,2.0,4.0,74.95,120,1
5.0,1.0,0.0,29.7,450,1
8.0,3.0,4.0,50.35,30,1
9.0,4.0,3.0,85.7,1350,0
10.0,4.0,1.0,47.85,1920,1
12.0,5.0,4.0,94.0,1710,0
13.0,6.0,0.0,69.85,2160,0
4.0,1.0,4.0,70.3,30,1
6.0,2.0,0.0,25.85,2160,0
10.0,5.0,1.0,71.1,90,0
10.0,5.0,5.0,98.8,1650,1
15.0,5.0,2.0,93.35,1770,0
11.0,5.0,4.0,99.85,540,1
11.0,2.0,3.0,80.3,960,1
5.0,2.0,4.0,50.55,120,0
10.0,3.0,3.0,80.45,1980,1
8.0,3.0,4.0,81.3,810,0
2.0,1.0,1.0,20.7,120,0
16.0,6.0,0.0,79.05,1800,0
4.0,1.0,1.0,19.05,240,0
4.0,1.0,0.0,19.6,240,0
3.0,1.0,1.0,20.2,1050,0
6.0,3.0,3.0,86.8,210,1
3.0,1.0,0.0,20.9,1590,0
15.0,6.0,4.0,103.6,540,0
6.0,2.0,3.0,38.8,450,0
12.0,4.0,6.0,88.4,2010,0
6.0,3.0,4.0,84.2,180,1
4.0,2.0,4.0,79.7,180,0
13.0,5.0,1.0,99.0,390,1
11.0,5.0,4.0,100.75,330,1
6.0,1.0,0.0,19.3,30,0
9.0,3.0,3.0,55.75,150,0
5.0,1.0,0.0,19.95,390,0
11.0,5.0,4.0,91.75,270,1
13.0,4.0,3.0,89.65,870,0
3.0,1.0,2.0,45.85,30,0
7.0,3.0,4.0,79.55,30,1
6.0,2.0,3.0,55.95,540,0
8.0,4.0,3.0,69.0,60,0
9.0,4.0,3.0,83.55,900,0
11.0,5.0,1.0,65.7,1980,0
10.0,5.0,3.0,94.9,1140,0
13.0,4.0,1.0,61.9,1320,0
18.0,7.0,1.0,111.1,1620,1
2.0,1.0,2.0,20.0,60,0
11.0,5.0,1.0,67.7,1260,0
6.0,2.0,0.0,25.15,1740,0
11.0,4.0,4.0,92.85,1740,0
11.0,4.0,4.0,89.1,750,1
20.0,8.0,1.0,111.3,2130,0
16.0,6.0,4.0,101.9,1110,1
10.0,4.0,2.0,91.65,420,1
9.0,4.0,3.0,88.85,120,1
13.0,4.0,3.0,60.6,1440,0
1.0,0.0,2.0,25.3,90,1
14.0,4.0,2.0,65.5,240,0
11.0,4.0,4.0,95.45,30,1
3.0,1.0,2.0,19.95,2010,0
7.0,3.0,3.0,91.1,390,1
8.0,3.0,0.0,54.15,1350,1
8.0,2.0,3.0,74.6,1470,0
11.0,5.0,4.0,94.6,1560,0
7.0,3.0,3.0,81.15,1890,0
20.0,8.0,1.0,89.05,2040,0
4.0,2.0,0.0,49.2,930,0
3.0,1.0,0.0,19.45,1920,0
15.0,6.0,1.0,104.3,1860,0
4.0,1.0,5.0,69.7,30,1
6.0,3.0,4.0,89.5,180,1
7.0,3.0,2.0,86.05,630,0
6.0,2.0,0.0,25.2,2160,0
5.0,2.0,3.0,35.15,960,0
12.0,6.0,1.0,99.65,2130,0
13.0,6.0,4.0,105.35,1020,0
5.0,1.0,2.0,35.15,90,1
4.0,2.0,3.0,73.75,360,1
13.0,5.0,4.0,101.35,240,1
7.0,2.0,0.0,24.3,1050,0
6.0,2.0,4.0,80.7,90,0
9.0,4.0,2.0,89.85,90,0
10.0,3.0,2.0,61.1,1590,0
3.0,1.0,3.0,29.05,120,0
13.0,5.0,3.0,99.7,1440,0
7.0,3.0,3.0,55.9,180,1
15.0,6.0,3.0,105.9,90,1
8.0,3.0,1.0,46.0,1620,0
4.0,1.0,4.0,43.95,30,1
15.0,6.0,1.0,80.4,1860,0
10.0,5.0,3.0,100.05,660,0
4.0,1.0,4.0,45.1,30,1
11.0,4.0,3.0,94.0,1530,0
12.0,5.0,2.0,68.95,900,0
16.0,6.0,3.0,68.45,1680,0
15.0,5.0,1.0,69.0,1050,0
9.0,3.0,1.0,43.85,1920,0
4.0,2.0,3.0,44.5,900,0
2.0,1.0,1.0,18.7,750,0
3.0,1.0,5.0,70.25,1230,1
7.0,2.0,3.0,55.35,270,1
7.0,3.0,3.0,53.55,30,0
17.0,8.0,1.0,114.6,2100,0
5.0,1.0,1.0,20.1,1710,0
9.0,3.0,4.0,85.5,270,0
14.0,7.0,2.0,108.75,2070,0
14.0,6.0,3.0,103.0,1290,1
12.0,5.0,4.0,97.85,2160,0
5.0,1.0,2.0,19.55,1320,0
9.0,4.0,5.0,84.05,2160,0
13.0,6.0,3.0,103.75,990,1
9.0,4.0,3.0,89.4,1620,0
3.0,1.0,0.0,19.7,810,0
10.0,3.0,3.0,79.85,1620,0
6.0,2.0,5.0,74.45,90,0
14.0,6.0,4.0,74.1,1590,0
6.0,1.0,6.0,69.35,30,1
4.0,1.0,1.0,18.8,450,0
5.0,2.0,5.0,73.85,1680,1
11.0,5.0,2.0,64.4,150,0
14.0,3.0,3.0,55.8,1440,0
2.0,1.0,1.0,20.05,750,0
7.0,2.0,4.0,75.15,90,1
14.0,5.0,3.0,99.15,1740,0
8.0,2.0,2.0,56.75,300,0
4.0,1.0,6.0,69.6,30,1
14.0,6.0,2.0,104.15,2130,0
16.0,7.0,2.0,110.8,1950,0
10.0,3.0,5.0,80.15,150,1
6.0,2.0,0.0,35.75,840,0
11.0,5.0,1.0,69.9,2010,0
10.0,4.0,1.0,89.2,1050,0
12.0,5.0,0.0,55.65,2160,0
10.0,4.0,2.0,50.7,1830,0
2.0,1.0,0.0,20.0,2040,0
3.0,1.0,3.0,30.5,30,1
9.0,1.0,0.0,19.1,90,0
11.0,5.0,3.0,98.3,2100,1
9.0,3.0,6.0,45.55,1440,0
11.0,5.0,3.0,101.05,2040,0
15.0,6.0,1.0,103.7,1410,0
9.0,2.0,0.0,36.25,960,0
5.0,2.0,5.0,49.4,150,0
3.0,1.0,2.0,19.9,1470,0
15.0,6.0,4.0,107.4,1440,1
9.0,3.0,3.0,82.0,390,1
5.0,1.0,2.0,19.8,450,0
3.0,1.0,2.0,45.05,360,0
12.0,5.0,3.0,64.55,2010,0
10.0,3.0,1.0,86.25,270,0
5.0,1.0,0.0,19.75,390,0
10.0,3.0,3.0,89.1,1140,0
14.0,5.0,3.0,95.55,1260,0
6.0,2.0,3.0,75.4,720,1
11.0,5.0,4.0,101.25,810,1
14.0,6.0,4.0,102.6,270,0
10.0,4.0,1.0,56.3,1470,0
13.0,6.0,2.0,94.2,1830,0
8.0,3.0,5.0,43.05,1500,0
17.0,4.0,5.0,89.5,750,1
6.0,2.0,5.0,74.4,660,1
5.0,1.0,3.0,20.5,30,1
6.0,2.0,5.0,74.35,120,1
11.0,5.0,2.0,99.75,540,1
15.0,7.0,1.0,111.95,1680,1
11.0,5.0,1.0,94.0,1590,0
12.0,5.0,3.0,98.85,1530,0
12.0,5.0,2.0,64.35,720,0
11.0,5.0,3.0,72.0,1860,0
8.0,2.0,4.0,49.7,720,0
14.0,7.0,0.0,80.7,2100,0
1.0,0.0,5.0,24.2,30,0
8.0,2.0,7.0,39.0,480,1
10.0,4.0,2.0,65.45,240,0
14.0,6.0,0.0,74.35,2160,0
10.0,4.0,2.0,83.2,690,0
4.0,0.0,2.0,25.0,930,0
9.0,3.0,0.0,40.2,1110,0
14.0,5.0,2.0,94.1,900,1
17.0,7.0,3.0,108.35,1050,0
11.0,5.0,0.0,69.5,690,0
11.0,5.0,3.0,76.0,600,0
12.0,4.0,3.0,93.6,1080,0
9.0,4.0,4.0,95.65,240,1
10.0,5.0,3.0,100.55,2130,0
8.0,4.0,3.0,88.05,1500,1
8.0,2.0,0.0,24.45,1290,0
17.0,8.0,2.0,89.55,1710,0
9.0,4.0,0.0,66.5,1230,1
6.0,2.0,4.0,76.1,810,0
7.0,2.0,3.0,80.5,390,0
7.0,2.0,3.0,35.45,90,1
4.0,1.0,0.0,20.55,2010,0
7.0,2.0,4.0,49.9,90,1
12.0,6.0,4.0,105.4,1920,0
5.0,2.0,1.0,35.75,780,0
12.0,5.0,4.0,95.1,1140,0
4.0,1.0,0.0,19.3,690,0
14.0,6.0,4.0,104.5,1200,1
15.0,6.0,1.0,63.1,2160,0
8.0,2.0,4.0,75.05,90,1
7.0,3.0,3.0,81.0,690,1
6.0,2.0,5.0,74.45,30,1
9.0,4.0,0.0,60.4,120,1
19.0,7.0,1.0,84.95,1860,0
11.0,5.0,5.0,93.4,1200,0
10.0,4.0,3.0,89.2,1230,0
6.0,3.0,3.0,85.2,1020,0
6.0,2.0,2.0,49.95,30,0
2.0,1.0,3.0,20.65,1530,0
5.0,1.0,3.0,70.65,30,1
5.0,1.0,1.0,20.15,1170,0
3.0,1.0,1.0,19.2,360,0
10.0,3.0,2.0,59.8,360,1
15.0,6.0,3.0,104.95,2160,0
13.0,6.0,4.0,103.5,1890,0
9.0,4.0,5.0,84.8,1320,0
12.0,5.0,2.0,95.05,540,0
5.0,1.0,2.0,44.2,270,1
14.0,5.0,0.0,73.35,390,0
12.0,4.0,2.0,64.1,2040,0
10.0,2.0,2.0,44.4,180,0
5.0,1.0,3.0,20.05,60,0
9.0,4.0,4.0,60.0,1650,0
5.0,2.0,4.0,75.75,30,1
5.0,1.0,4.0,69.5,1140,0
14.0,6.0,3.0,102.95,2010,1
7.0,2.0,6.0,78.7,570,0
11.0,5.0,1.0,60.65,360,0
5.0,1.0,0.0,21.15,2160,0
15.0,7.0,1.0,84.8,720,0
13.0,6.0,4.0,103.2,2160,0
6.0,1.0,4.0,29.6,330,0
6.0,2.0,7.0,74.4,120,1
12.0,6.0,1.0,105.65,1980,0
